datetime,symbol,open,high,low,close,volume
2021-07-07 08:30:00,HKEX:9868,168.0,168.5,159.3,165.0,10517381.0
2021-07-08 08:30:00,HKEX:9868,160.0,160.2,150.39999,151.5,3365220.0
2021-07-09 08:30:00,HKEX:9868,151.60001,156.89999,150.0,155.8,2106782.0
2021-07-12 08:30:00,HKEX:9868,155.0,155.7,149.5,152.10001,1490592.0
2021-07-13 08:30:00,HKEX:9868,152.2,157.60001,152.2,156.0,891000.0
2021-07-14 08:30:00,HKEX:9868,153.39999,154.39999,150.0,151.0,1018400.0
2021-07-15 08:30:00,HKEX:9868,147.8,147.8,142.10001,143.8,1965026.0
2021-07-16 08:30:00,HKEX:9868,148.5,151.2,146.89999,150.89999,957860.0
2021-07-19 08:30:00,HKEX:9868,151.0,155.0,150.5,151.7,600500.0
2021-07-20 08:30:00,HKEX:9868,152.0,156.60001,152.0,156.10001,1020216.0
2021-07-21 08:30:00,HKEX:9868,157.2,162.2,157.0,161.8,1076136.0
2021-07-22 08:30:00,HKEX:9868,169.5,172.39999,169.39999,171.7,3216271.0
2021-07-23 08:30:00,HKEX:9868,169.2,170.0,163.8,165.8,813854.0
2021-07-26 08:30:00,HKEX:9868,159.0,159.0,150.0,150.10001,1464001.0
2021-07-27 08:30:00,HKEX:9868,156.5,162.0,148.0,151.2,1765545.0
2021-07-28 08:30:00,HKEX:9868,139.5,140.5,131.2,139.2,2652871.0
2021-07-29 08:30:00,HKEX:9868,149.0,158.2,145.0,154.2,1711630.0
2021-07-30 08:30:00,HKEX:9868,149.0,153.39999,147.10001,149.2,1393193.0
2021-08-02 08:30:00,HKEX:9868,160.7,168.2,160.0,165.10001,2311440.0
2021-08-03 08:30:00,HKEX:9868,169.89999,171.0,165.39999,168.60001,2881025.0
2021-08-04 08:30:00,HKEX:9868,167.5,176.7,167.10001,173.8,1378269.0
2021-08-05 08:30:00,HKEX:9868,171.0,171.2,163.60001,164.8,858246.0
2021-08-06 08:30:00,HKEX:9868,164.8,169.3,163.60001,168.7,1133030.0
2021-08-09 08:30:00,HKEX:9868,160.89999,161.39999,157.7,159.0,894600.0
2021-08-10 08:30:00,HKEX:9868,163.2,168.89999,160.2,167.0,1246181.0
2021-08-11 08:30:00,HKEX:9868,167.0,169.5,165.10001,167.5,440100.0
2021-08-12 08:30:00,HKEX:9868,166.0,166.0,161.0,161.7,765600.0
2021-08-13 08:30:00,HKEX:9868,159.5,160.89999,155.10001,156.0,516021.0
2021-08-16 08:30:00,HKEX:9868,155.8,156.60001,147.5,149.60001,1525205.0
2021-08-17 08:30:00,HKEX:9868,146.10001,146.60001,140.0,142.3,1178250.0
2021-08-18 08:30:00,HKEX:9868,156.8,156.8,145.0,149.39999,851900.0
2021-08-19 08:30:00,HKEX:9868,152.8,154.5,148.60001,149.10001,757535.0
2021-08-20 08:30:00,HKEX:9868,149.0,149.39999,141.0,142.60001,633900.0
2021-08-23 08:30:00,HKEX:9868,148.89999,152.2,148.0,150.89999,1005800.0
2021-08-24 08:30:00,HKEX:9868,152.5,155.7,152.5,155.60001,832000.0
2021-08-25 08:30:00,HKEX:9868,157.7,160.0,155.7,159.0,790098.0
2021-08-26 08:30:00,HKEX:9868,159.89999,160.0,154.10001,156.89999,273741.0
2021-08-27 08:30:00,HKEX:9868,158.39999,163.0,155.2,162.10001,988100.0
2021-08-30 08:30:00,HKEX:9868,158.5,158.5,155.10001,156.3,504195.0
2021-08-31 08:30:00,HKEX:9868,159.60001,161.2,155.2,159.89999,484862.0
2021-09-01 08:30:00,HKEX:9868,163.3,164.60001,162.5,164.10001,504810.0
2021-09-02 08:30:00,HKEX:9868,160.2,161.0,155.60001,158.39999,790410.0
2021-09-03 08:30:00,HKEX:9868,157.2,157.60001,156.0,156.2,228171.0
2021-09-06 08:30:00,HKEX:9868,156.10001,156.10001,154.2,154.3,420000.0
2021-09-07 08:30:00,HKEX:9868,155.10001,157.2,154.5,156.8,498510.0
2021-09-08 08:30:00,HKEX:9868,160.10001,162.5,160.10001,161.89999,656245.0
2021-09-09 08:30:00,HKEX:9868,153.0,154.60001,150.0,150.10001,971150.0
2021-09-10 08:30:00,HKEX:9868,150.5,154.0,150.5,153.5,288200.0
2021-09-13 08:30:00,HKEX:9868,151.5,151.5,148.60001,149.89999,487700.0
2021-09-14 08:30:00,HKEX:9868,149.89999,150.8,146.60001,149.60001,1028763.0
2021-09-15 08:30:00,HKEX:9868,149.60001,149.60001,146.8,147.60001,199828.0
2021-09-16 08:30:00,HKEX:9868,147.60001,148.8,144.5,145.7,352545.0
2021-09-17 08:30:00,HKEX:9868,150.89999,150.89999,146.10001,147.89999,208538.0
2021-09-20 08:30:00,HKEX:9868,150.0,150.39999,144.0,148.39999,280300.0
2021-09-21 08:30:00,HKEX:9868,147.0,147.0,140.5,143.2,445151.0
2021-09-23 08:30:00,HKEX:9868,143.3,145.0,142.2,144.39999,459300.0
2021-09-24 08:30:00,HKEX:9868,144.39999,146.0,142.10001,142.60001,247426.0
2021-09-27 08:30:00,HKEX:9868,141.60001,141.60001,138.2,138.2,326100.0
2021-09-28 08:30:00,HKEX:9868,139.3,144.39999,139.3,141.2,580600.0
2021-09-29 08:30:00,HKEX:9868,137.89999,137.89999,133.7,136.0,572311.0
2021-09-30 08:30:00,HKEX:9868,136.0,137.2,134.0,135.0,342700.0
2021-10-04 08:30:00,HKEX:9868,138.3,139.0,135.7,136.60001,282587.0
2021-10-05 08:30:00,HKEX:9868,133.5,135.8,131.0,134.5,723000.0
2021-10-06 08:30:00,HKEX:9868,136.2,137.89999,134.89999,135.8,507600.0
2021-10-07 08:30:00,HKEX:9868,136.8,145.0,136.8,142.39999,487332.0
2021-10-08 08:30:00,HKEX:9868,147.3,150.5,147.3,149.8,891315.0
2021-10-11 08:30:00,HKEX:9868,150.0,151.5,148.39999,150.2,613900.0
2021-10-12 08:30:00,HKEX:9868,148.10001,151.39999,147.0,147.0,817100.0
2021-10-15 08:30:00,HKEX:9868,152.0,159.0,151.39999,158.2,1494403.0
2021-10-18 08:30:00,HKEX:9868,164.3,166.5,162.0,166.0,869111.0
2021-10-19 08:30:00,HKEX:9868,167.8,170.0,167.0,169.3,748580.0
2021-10-20 08:30:00,HKEX:9868,169.3,169.89999,165.10001,167.39999,547029.0
2021-10-21 08:30:00,HKEX:9868,167.0,168.2,165.2,166.60001,456206.0
2021-10-22 08:30:00,HKEX:9868,169.0,173.10001,168.0,169.8,850050.0
2021-10-25 08:30:00,HKEX:9868,169.8,176.5,168.0,175.0,1613439.0
2021-10-26 08:30:00,HKEX:9868,188.0,197.60001,187.0,190.3,2588802.0
2021-10-27 08:30:00,HKEX:9868,180.0,183.8,178.3,179.8,2044933.0
2021-10-28 08:30:00,HKEX:9868,181.0,183.5,179.60001,182.10001,1088060.0
2021-10-29 08:30:00,HKEX:9868,179.2,182.7,178.0,181.8,949600.0
2021-11-01 08:30:00,HKEX:9868,182.8,188.2,180.60001,186.7,1161461.0
2021-11-02 08:30:00,HKEX:9868,189.89999,191.8,186.60001,186.89999,1560200.0
2021-11-03 08:30:00,HKEX:9868,183.8,183.8,179.3,181.0,1500100.0
2021-11-04 08:30:00,HKEX:9868,183.0,193.39999,183.0,188.7,1590201.0
2021-11-05 08:30:00,HKEX:9868,187.39999,191.0,186.10001,188.3,1518268.0
2021-11-08 08:30:00,HKEX:9868,181.89999,182.89999,176.89999,179.10001,1019752.0
2021-11-09 08:30:00,HKEX:9868,181.3,185.0,181.3,184.39999,504200.0
2021-11-10 08:30:00,HKEX:9868,175.0,176.39999,168.39999,174.89999,2482816.0
2021-11-11 08:30:00,HKEX:9868,175.0,176.5,173.2,175.5,781013.0
2021-11-12 08:30:00,HKEX:9868,183.2,196.0,183.2,194.60001,2466582.0
2021-11-15 08:30:00,HKEX:9868,194.0,194.0,189.0,190.7,963920.0
2021-11-16 08:30:00,HKEX:9868,190.5,193.89999,186.5,191.10001,1391000.0
2021-11-17 08:30:00,HKEX:9868,196.60001,199.10001,194.0,197.39999,1123811.0
2021-11-18 08:30:00,HKEX:9868,190.0,191.89999,188.10001,190.5,1542900.0
2021-11-19 08:30:00,HKEX:9868,182.89999,188.39999,182.89999,187.2,1757168.0
2021-11-22 08:30:00,HKEX:9868,186.0,187.8,183.8,185.2,2203398.0
2021-11-23 08:30:00,HKEX:9868,185.0,190.2,184.8,189.3,797300.0
2021-11-24 08:30:00,HKEX:9868,201.0,209.8,201.0,208.39999,3179782.0
2021-11-25 08:30:00,HKEX:9868,212.2,217.0,209.2,211.60001,1269860.0
2021-11-26 08:30:00,HKEX:9868,210.8,214.0,205.39999,206.2,1281412.0
2021-11-29 08:30:00,HKEX:9868,202.0,204.8,201.0,203.39999,1497000.0
2021-11-30 08:30:00,HKEX:9868,203.0,204.0,198.3,203.0,1664714.0
2021-12-01 08:30:00,HKEX:9868,213.2,220.0,212.8,218.0,1534871.0
2021-12-02 08:30:00,HKEX:9868,204.0,211.2,201.0,209.60001,2986634.0
2021-12-03 08:30:00,HKEX:9868,194.2,198.7,187.89999,196.0,5157892.0
2021-12-06 08:30:00,HKEX:9868,175.89999,186.7,175.8,180.39999,9243021.0
2021-12-07 08:30:00,HKEX:9868,183.3,187.5,180.60001,185.60001,3866422.0
2021-12-08 08:30:00,HKEX:9868,186.7,192.0,183.60001,188.8,2495539.0
2021-12-09 08:30:00,HKEX:9868,188.8,191.10001,187.0,188.8,2167959.0
2021-12-10 08:30:00,HKEX:9868,181.10001,185.0,179.7,180.2,3160784.0
2021-12-13 08:30:00,HKEX:9868,183.5,188.0,182.3,182.3,1429694.0
2021-12-14 08:30:00,HKEX:9868,178.0,179.2,174.0,176.2,1778395.0
2021-12-15 08:30:00,HKEX:9868,173.7,175.39999,170.3,172.10001,1470903.0
2021-12-16 08:30:00,HKEX:9868,172.0,172.60001,166.2,172.0,2598512.0
2021-12-17 08:30:00,HKEX:9868,166.60001,166.60001,162.60001,164.8,4681628.0
2021-12-20 08:30:00,HKEX:9868,161.89999,168.8,158.10001,159.10001,2289843.0
2021-12-21 08:30:00,HKEX:9868,154.7,164.60001,154.10001,161.0,3551467.0
2021-12-22 08:30:00,HKEX:9868,171.2,173.5,169.10001,171.3,2445973.0
2021-12-23 08:30:00,HKEX:9868,176.0,178.7,174.10001,176.39999,1744384.0
2021-12-24 08:30:00,HKEX:9868,179.7,179.7,174.8,175.2,799426.0
2021-12-28 08:30:00,HKEX:9868,178.7,179.5,174.0,177.60001,874177.0
2021-12-29 08:30:00,HKEX:9868,177.5,178.0,174.2,175.7,632336.0
2021-12-30 08:30:00,HKEX:9868,173.7,175.3,171.39999,174.2,617352.0
2021-12-31 08:30:00,HKEX:9868,191.0,191.3,185.60001,186.3,1673400.0
2022-01-03 08:30:00,HKEX:9868,194.8,199.2,194.5,197.2,1941864.0
2022-01-04 08:30:00,HKEX:9868,196.89999,199.5,194.3,197.2,1829963.0
2022-01-05 08:30:00,HKEX:9868,185.0,186.5,178.60001,179.10001,4240218.0
2022-01-06 08:30:00,HKEX:9868,180.8,182.89999,177.5,179.3,1577680.0
2022-01-07 08:30:00,HKEX:9868,180.0,185.0,178.89999,183.0,1261625.0
2022-01-10 08:30:00,HKEX:9868,177.10001,177.3,171.0,175.2,2611400.0
2022-01-11 08:30:00,HKEX:9868,167.0,170.0,165.0,167.5,2123188.0
2022-01-12 08:30:00,HKEX:9868,176.0,184.8,176.0,183.8,2284638.0
2022-01-13 08:30:00,HKEX:9868,187.60001,188.3,183.2,184.3,1179283.0
2022-01-14 08:30:00,HKEX:9868,184.2,188.89999,180.2,188.3,1065930.0
2022-01-17 08:30:00,HKEX:9868,193.0,194.7,189.39999,191.0,1751485.0
2022-01-18 08:30:00,HKEX:9868,194.3,194.3,187.39999,189.8,1254989.0
2022-01-19 08:30:00,HKEX:9868,189.39999,189.39999,178.3,178.7,1302415.0
2022-01-20 08:30:00,HKEX:9868,172.10001,178.10001,170.2,176.39999,1708884.0
2022-01-21 08:30:00,HKEX:9868,174.39999,176.7,171.7,174.60001,1389500.0
2022-01-24 08:30:00,HKEX:9868,166.8,166.8,164.0,164.0,2748687.0
2022-01-25 08:30:00,HKEX:9868,156.0,157.2,151.89999,153.0,3262558.0
2022-01-26 08:30:00,HKEX:9868,145.60001,152.8,145.60001,149.2,2719503.0
2022-01-27 08:30:00,HKEX:9868,145.5,145.5,139.0,141.0,2790052.0
2022-01-28 08:30:00,HKEX:9868,129.0,131.0,123.6,125.7,5423515.0
2022-01-31 08:30:00,HKEX:9868,126.0,127.5,122.0,124.9,1584263.0
2022-02-04 08:30:00,HKEX:9868,136.60001,139.39999,133.2,138.89999,2642114.0
2022-02-07 08:30:00,HKEX:9868,144.2,145.8,140.39999,142.89999,2317771.0
2022-02-08 08:30:00,HKEX:9868,143.5,144.8,138.10001,141.2,1999519.0
2022-02-09 08:30:00,HKEX:9868,150.0,157.5,145.60001,152.5,8751762.0
2022-02-10 08:30:00,HKEX:9868,156.8,161.8,154.5,157.2,4952165.0
2022-02-11 08:30:00,HKEX:9868,151.5,153.89999,150.0,152.2,4188077.0
2022-02-14 08:30:00,HKEX:9868,145.0,148.10001,143.2,145.3,2948700.0
2022-02-15 08:30:00,HKEX:9868,145.3,149.39999,144.0,146.2,3131700.0
2022-02-16 08:30:00,HKEX:9868,155.0,160.60001,154.0,156.2,2540108.0
2022-02-17 08:30:00,HKEX:9868,153.0,155.3,150.8,154.89999,2111544.0
2022-02-18 08:30:00,HKEX:9868,154.89999,158.89999,152.10001,155.0,2421148.0
2022-02-21 08:30:00,HKEX:9868,149.0,153.60001,148.5,150.89999,3148400.0
2022-02-22 08:30:00,HKEX:9868,147.0,147.8,142.0,144.8,2322884.0
2022-02-23 08:30:00,HKEX:9868,139.0,143.8,137.5,139.8,8282831.0
2022-02-24 08:30:00,HKEX:9868,135.0,135.0,126.1,129.8,7123826.0
2022-02-25 08:30:00,HKEX:9868,133.5,139.10001,133.5,136.0,2967109.0
2022-02-28 08:30:00,HKEX:9868,136.0,136.0,130.7,135.10001,3061767.0
2022-03-01 08:30:00,HKEX:9868,140.60001,144.5,140.0,142.89999,2942799.0
2022-03-02 08:30:00,HKEX:9868,135.0,139.0,134.8,135.7,3633885.0
2022-03-03 08:30:00,HKEX:9868,135.89999,136.5,130.8,133.2,3205037.0
2022-03-04 08:30:00,HKEX:9868,121.5,121.5,115.9,115.9,13336537.0
2022-03-07 08:30:00,HKEX:9868,112.1,115.2,111.0,113.2,5550719.0
2022-03-08 08:30:00,HKEX:9868,106.1,111.0,98.099998,98.599998,8333377.0
2022-03-09 08:30:00,HKEX:9868,100.5,103.8,96.099998,103.0,5134200.0
2022-03-10 08:30:00,HKEX:9868,111.6,113.8,108.2,109.9,4031358.0
2022-03-11 08:30:00,HKEX:9868,101.2,106.0,98.300003,105.4,4830117.0
2022-03-14 08:30:00,HKEX:9868,90.900002,92.0,80.650002,82.0,9664082.0
2022-03-15 08:30:00,HKEX:9868,77.699997,83.400002,71.849998,73.650002,14735192.0
2022-03-16 08:30:00,HKEX:9868,82.099998,102.4,78.300003,97.5,16251003.0
2022-03-17 08:30:00,HKEX:9868,112.1,112.7,98.099998,101.5,14069097.0
2022-03-18 08:30:00,HKEX:9868,98.949997,103.0,95.300003,102.6,13525440.0
2022-03-21 08:30:00,HKEX:9868,111.4,113.0,103.0,105.4,6292540.0
2022-03-22 08:30:00,HKEX:9868,106.5,110.0,103.6,110.0,4478500.0
2022-03-23 08:30:00,HKEX:9868,112.6,118.3,110.0,112.1,6584426.0
2022-03-24 08:30:00,HKEX:9868,114.2,117.3,109.6,111.3,6474565.0
2022-03-25 08:30:00,HKEX:9868,112.0,113.4,104.0,107.4,6783200.0
2022-03-28 08:30:00,HKEX:9868,105.8,106.8,100.4,103.8,3284100.0
2022-03-29 08:30:00,HKEX:9868,106.4,106.9,103.0,105.5,2668599.0
2022-03-30 08:30:00,HKEX:9868,109.1,115.0,108.3,114.7,4869210.0
2022-03-31 08:30:00,HKEX:9868,112.6,112.6,108.5,112.5,2115900.0
2022-04-01 08:30:00,HKEX:9868,108.8,111.6,105.8,111.3,1587127.0
2022-04-04 08:30:00,HKEX:9868,115.7,124.6,115.0,122.8,5074752.0
2022-04-06 08:30:00,HKEX:9868,118.7,119.4,115.4,115.8,4485883.0
2022-04-07 08:30:00,HKEX:9868,113.5,117.8,113.0,115.8,2504100.0
2022-04-08 08:30:00,HKEX:9868,110.8,111.5,107.1,111.2,3593146.0
2022-04-11 08:30:00,HKEX:9868,106.5,107.0,99.099998,100.2,4615171.0
2022-04-12 08:30:00,HKEX:9868,102.0,107.4,100.6,104.8,3406766.0
2022-04-13 08:30:00,HKEX:9868,100.8,105.0,100.4,103.3,2431688.0
2022-04-14 08:30:00,HKEX:9868,108.0,111.4,107.5,109.3,2351328.0
2022-04-19 08:30:00,HKEX:9868,105.8,107.9,104.3,104.8,1884968.0
2022-04-20 08:30:00,HKEX:9868,106.0,107.6,104.2,104.8,1315499.0
2022-04-21 08:30:00,HKEX:9868,98.75,101.0,97.050003,100.2,3056168.0
2022-04-22 08:30:00,HKEX:9868,94.349998,97.300003,92.400002,95.849998,3295088.0
2022-04-25 08:30:00,HKEX:9868,92.099998,93.900002,87.050003,88.900002,3252390.0
2022-04-26 08:30:00,HKEX:9868,93.550003,98.5,93.050003,94.400002,3073079.0
2022-04-27 08:30:00,HKEX:9868,89.900002,95.699997,89.550003,93.900002,2355936.0
2022-04-28 08:30:00,HKEX:9868,94.0,96.5,92.050003,96.199997,1432914.0
2022-04-29 08:30:00,HKEX:9868,93.75,104.3,91.650002,103.0,5868438.0
2022-05-03 08:30:00,HKEX:9868,100.0,103.6,96.699997,101.7,2463900.0
2022-05-04 08:30:00,HKEX:9868,101.9,102.2,97.699997,98.800003,1169982.0
2022-05-05 08:30:00,HKEX:9868,103.1,104.7,101.1,101.1,1667500.0
2022-05-06 08:30:00,HKEX:9868,90.849998,93.0,90.0,91.150002,4864291.0
2022-05-10 08:30:00,HKEX:9868,79.300003,83.0,78.0,82.099998,10455070.0
2022-05-11 08:30:00,HKEX:9868,81.599998,91.0,81.199997,86.550003,10627714.0
2022-05-12 08:30:00,HKEX:9868,79.599998,82.75,78.5,78.599998,9882783.0
2022-05-13 08:30:00,HKEX:9868,81.199997,85.25,81.199997,85.099998,6495436.0
2022-05-16 08:30:00,HKEX:9868,90.5,92.0,87.650002,88.599998,3922005.0
2022-05-17 08:30:00,HKEX:9868,88.650002,94.900002,88.650002,94.550003,4092583.0
2022-05-18 08:30:00,HKEX:9868,95.050003,96.199997,92.0,94.550003,2919058.0
2022-05-19 08:30:00,HKEX:9868,90.0,92.25,88.650002,90.849998,3733700.0
2022-05-20 08:30:00,HKEX:9868,92.449997,98.349998,92.449997,97.199997,4709550.0
2022-05-23 08:30:00,HKEX:9868,93.0,93.900002,88.099998,90.849998,7180700.0
2022-05-24 08:30:00,HKEX:9868,88.0,88.150002,82.099998,82.550003,11777053.0
2022-05-25 08:30:00,HKEX:9868,81.800003,84.400002,80.75,81.900002,5531593.0
2022-05-26 08:30:00,HKEX:9868,82.0,82.199997,78.0,81.199997,5348510.0
2022-05-27 08:30:00,HKEX:9868,86.0,86.400002,83.199997,84.599998,4154400.0
2022-05-30 08:30:00,HKEX:9868,87.199997,89.849998,87.199997,89.650002,5528802.0
2022-05-31 08:30:00,HKEX:9868,88.300003,93.0,88.300003,92.400002,4324670.0
2022-06-01 08:30:00,HKEX:9868,92.900002,94.800003,91.550003,92.949997,2841100.0
2022-06-02 08:30:00,HKEX:9868,91.449997,91.75,89.5,91.5,3632800.0
2022-06-06 08:30:00,HKEX:9868,94.699997,99.650002,92.099998,99.099998,6952064.0
2022-06-07 08:30:00,HKEX:9868,99.400002,102.1,97.150002,98.650002,5564005.0
2022-06-08 08:30:00,HKEX:9868,101.2,107.5,101.2,104.7,6988699.0
2022-06-09 08:30:00,HKEX:9868,108.8,109.6,104.6,105.4,4755676.0
2022-06-10 08:30:00,HKEX:9868,101.0,111.0,100.8,108.0,9473414.0
2022-06-13 08:30:00,HKEX:9868,102.0,104.9,100.3,100.5,6162155.0
2022-06-14 08:30:00,HKEX:9868,96.0,100.9,94.5,99.5,7365116.0
2022-06-15 08:30:00,HKEX:9868,102.4,108.5,102.2,106.1,9247757.0
2022-06-16 08:30:00,HKEX:9868,108.6,110.9,101.5,102.1,5829318.0
2022-06-17 08:30:00,HKEX:9868,100.0,108.3,99.25,107.7,8046218.0
2022-06-20 08:30:00,HKEX:9868,110.1,124.0,108.6,121.7,12779658.0
2022-06-21 08:30:00,HKEX:9868,123.1,123.9,116.2,118.0,8863560.0
2022-06-22 08:30:00,HKEX:9868,121.4,126.0,115.7,115.7,10813723.0
2022-06-23 08:30:00,HKEX:9868,121.0,129.3,120.1,127.0,9848494.0
2022-06-24 08:30:00,HKEX:9868,131.0,140.5,131.0,136.3,12896187.0
2022-06-27 08:30:00,HKEX:9868,140.8,142.8,134.89999,138.0,10262582.0
2022-06-28 08:30:00,HKEX:9868,135.10001,136.7,130.5,135.10001,13064210.0
2022-06-29 08:30:00,HKEX:9868,128.8,129.7,122.0,125.1,12245467.0
2022-06-30 08:30:00,HKEX:9868,126.7,130.3,124.3,126.4,8124879.0
2022-07-04 08:30:00,HKEX:9868,119.9,122.6,117.4,121.5,8187227.0
2022-07-05 08:30:00,HKEX:9868,122.3,127.6,119.0,121.6,6086555.0
2022-07-06 08:30:00,HKEX:9868,125.3,128.0,120.9,125.0,4484035.0
2022-07-07 08:30:00,HKEX:9868,120.6,126.7,119.1,124.5,7028608.0
2022-07-08 08:30:00,HKEX:9868,128.0,131.2,123.8,125.0,5212309.0
2022-07-11 08:30:00,HKEX:9868,125.0,125.8,115.3,118.0,6252900.0
2022-07-12 08:30:00,HKEX:9868,115.1,116.6,110.1,113.4,6920965.0
2022-07-13 08:30:00,HKEX:9868,113.9,118.6,113.2,116.4,4123805.0
2022-07-14 08:30:00,HKEX:9868,115.1,121.2,114.9,118.1,4216873.0
2022-07-15 08:30:00,HKEX:9868,118.1,120.9,113.8,115.7,4274400.0
2022-07-18 08:30:00,HKEX:9868,115.0,115.6,107.9,113.9,11685598.0
2022-07-19 08:30:00,HKEX:9868,112.0,112.0,105.6,107.5,8690510.0
2022-07-20 08:30:00,HKEX:9868,108.7,108.7,103.5,104.1,8222405.0
2022-07-21 08:30:00,HKEX:9868,104.1,105.9,101.2,102.6,6813510.0
2022-07-22 08:30:00,HKEX:9868,105.0,105.5,102.6,103.2,3627095.0
2022-07-25 08:30:00,HKEX:9868,99.0,99.0,94.099998,96.699997,11892880.0
2022-07-26 08:30:00,HKEX:9868,95.949997,99.5,95.949997,98.75,5962708.0
2022-07-27 08:30:00,HKEX:9868,96.900002,97.099998,95.349998,96.800003,3863269.0
2022-07-28 08:30:00,HKEX:9868,97.800003,98.699997,95.449997,95.949997,3802917.0
2022-07-29 08:30:00,HKEX:9868,95.949997,96.900002,90.800003,92.0,7225709.0
2022-08-01 08:30:00,HKEX:9868,93.5,99.5,93.5,98.199997,8132363.0
2022-08-02 08:30:00,HKEX:9868,96.0,96.0,91.699997,92.449997,6064949.0
2022-08-03 08:30:00,HKEX:9868,93.800003,94.5,89.949997,91.25,10802346.0
2022-08-04 08:30:00,HKEX:9868,91.75,91.800003,88.5,89.949997,6298684.0
2022-08-05 08:30:00,HKEX:9868,93.5,94.349998,91.800003,93.099998,6300288.0
2022-08-08 08:30:00,HKEX:9868,90.849998,92.0,89.5,90.800003,3002525.0
2022-08-09 08:30:00,HKEX:9868,90.5,93.650002,90.050003,91.400002,3371210.0
2022-08-10 08:30:00,HKEX:9868,89.800003,89.800003,84.099998,86.449997,10624917.0
2022-08-11 08:30:00,HKEX:9868,88.449997,91.800003,87.900002,90.849998,6242692.0
2022-08-12 08:30:00,HKEX:9868,96.199997,96.800003,94.099998,94.900002,5347537.0
2022-08-15 08:30:00,HKEX:9868,94.0,94.849998,91.949997,92.099998,4250990.0
2022-08-16 08:30:00,HKEX:9868,91.949997,93.199997,87.699997,89.099998,6531422.0
2022-08-17 08:30:00,HKEX:9868,90.0,90.25,88.449997,89.75,2242026.0
2022-08-18 08:30:00,HKEX:9868,88.800003,88.800003,86.199997,86.5,4238080.0
2022-08-19 08:30:00,HKEX:9868,86.099998,87.800003,85.349998,85.949997,2459000.0
2022-08-22 08:30:00,HKEX:9868,84.150002,85.650002,82.900002,84.800003,3978489.0
2022-08-23 08:30:00,HKEX:9868,83.050003,83.849998,81.550003,82.949997,6542797.0
2022-08-24 08:30:00,HKEX:9868,75.0,75.400002,71.150002,72.849998,18912359.0
2022-08-25 08:30:00,HKEX:9868,75.0,75.900002,73.300003,75.900002,6739692.0
2022-08-26 08:30:00,HKEX:9868,76.449997,77.099998,73.699997,73.849998,6867387.0
2022-08-29 08:30:00,HKEX:9868,73.0,73.800003,72.050003,73.050003,5476900.0
2022-08-30 08:30:00,HKEX:9868,73.349998,73.349998,70.800003,72.25,7949973.0
2022-08-31 08:30:00,HKEX:9868,70.300003,75.150002,70.300003,73.699997,6248088.0
2022-09-01 08:30:00,HKEX:9868,72.949997,72.949997,70.050003,70.449997,5369220.0
2022-09-02 08:30:00,HKEX:9868,68.300003,70.25,66.300003,66.800003,12239910.0
2022-09-05 08:30:00,HKEX:9868,65.400002,65.5,63.700001,64.0,8979623.0
2022-09-06 08:30:00,HKEX:9868,64.449997,65.400002,63.450001,64.849998,5106475.0
2022-09-07 08:30:00,HKEX:9868,62.099998,63.5,61.099998,62.5,11217295.0
2022-09-08 08:30:00,HKEX:9868,62.799999,63.549999,60.599998,60.849998,5939058.0
2022-09-09 08:30:00,HKEX:9868,61.049999,63.349998,60.150002,62.900002,5313627.0
2022-09-13 08:30:00,HKEX:9868,64.099998,65.449997,63.200001,64.300003,5995990.0
2022-09-14 08:30:00,HKEX:9868,62.849998,64.25,62.099998,63.099998,5177618.0
2022-09-15 08:30:00,HKEX:9868,62.5,63.049999,61.349998,62.299999,4766263.0
2022-09-16 08:30:00,HKEX:9868,61.450001,61.450001,59.049999,59.549999,10215722.0
2022-09-19 08:30:00,HKEX:9868,57.599998,58.099998,56.5,57.049999,5010601.0
2022-09-20 08:30:00,HKEX:9868,61.799999,63.349998,61.200001,62.099998,10298224.0
2022-09-21 08:30:00,HKEX:9868,61.950001,62.5,60.349998,60.950001,6741595.0
2022-09-22 08:30:00,HKEX:9868,54.900002,55.200001,51.400002,53.900002,19019879.0
2022-09-23 08:30:00,HKEX:9868,52.849998,53.299999,51.0,51.5,10444219.0
2022-09-26 08:30:00,HKEX:9868,53.450001,57.349998,53.400002,56.0,15681017.0
2022-09-27 08:30:00,HKEX:9868,56.299999,56.5,53.950001,56.049999,8850704.0
2022-09-28 08:30:00,HKEX:9868,54.099998,54.099998,49.349998,50.599998,15580270.0
2022-09-29 08:30:00,HKEX:9868,51.700001,52.549999,46.799999,47.900002,14485231.0
2022-09-30 08:30:00,HKEX:9868,47.5,47.5,43.299999,46.0,17958192.0
2022-10-03 08:30:00,HKEX:9868,46.200001,46.799999,44.299999,45.900002,7600710.0
2022-10-05 08:30:00,HKEX:9868,47.349998,47.650002,44.799999,45.400002,11172527.0
2022-10-06 08:30:00,HKEX:9868,43.5,43.5,41.25,43.049999,7621489.0
2022-10-07 08:30:00,HKEX:9868,41.75,41.75,39.900002,40.450001,10221429.0
2022-10-10 08:30:00,HKEX:9868,38.599998,39.799999,37.650002,37.700001,20000711.0
2022-10-11 08:30:00,HKEX:9868,37.599998,38.450001,36.75,37.0,11882856.0
2022-10-12 08:30:00,HKEX:9868,36.75,40.200001,36.049999,38.5,21074605.0
2022-10-13 08:30:00,HKEX:9868,37.700001,38.650002,36.099998,36.200001,8275827.0
2022-10-14 08:30:00,HKEX:9868,36.200001,37.25,35.299999,35.549999,13320805.0
2022-10-17 08:30:00,HKEX:9868,32.900002,34.799999,32.549999,34.099998,15911563.0
2022-10-18 08:30:00,HKEX:9868,34.700001,35.200001,33.400002,35.200001,11106408.0
2022-10-19 08:30:00,HKEX:9868,33.700001,34.0,31.549999,31.85,17555755.0
2022-10-20 08:30:00,HKEX:9868,29.549999,31.15,29.299999,30.4,14924764.0
2022-10-21 08:30:00,HKEX:9868,31.200001,32.099998,30.85,31.35,12650064.0
2022-10-24 08:30:00,HKEX:9868,31.0,31.0,26.9,27.35,28563555.0
2022-10-25 08:30:00,HKEX:9868,27.6,29.9,26.65,28.700001,18912095.0
2022-10-26 08:30:00,HKEX:9868,29.9,32.849998,29.9,31.549999,22487007.0
2022-10-27 08:30:00,HKEX:9868,32.799999,33.0,30.1,30.549999,14009500.0
2022-10-28 08:30:00,HKEX:9868,28.9,29.049999,25.65,26.0,28577306.0
2022-10-31 08:30:00,HKEX:9868,25.950001,27.1,24.799999,25.4,17289894.0
2022-11-01 08:30:00,HKEX:9868,25.799999,27.799999,24.75,27.450001,24219278.0
2022-11-02 08:30:00,HKEX:9868,25.299999,27.450001,25.049999,27.1,25066659.0
2022-11-03 08:30:00,HKEX:9868,26.25,27.75,25.950001,26.049999,17311950.0
2022-11-04 08:30:00,HKEX:9868,27.1,33.849998,27.1,32.349998,64569021.0
2022-11-07 08:30:00,HKEX:9868,30.9,34.200001,30.35,32.799999,33059520.0
2022-11-08 08:30:00,HKEX:9868,32.0,32.599998,30.799999,31.15,19482337.0
2022-11-09 08:30:00,HKEX:9868,31.299999,31.6,28.6,29.0,22443768.0
2022-11-10 08:30:00,HKEX:9868,26.799999,27.049999,25.65,26.25,26871551.0
2022-11-11 08:30:00,HKEX:9868,29.0,30.65,27.299999,30.450001,34221139.0
2022-11-14 08:30:00,HKEX:9868,33.0,35.450001,32.950001,34.700001,43036158.0
2022-11-15 08:30:00,HKEX:9868,35.0,41.5,33.950001,37.900002,47008454.0
2022-11-16 08:30:00,HKEX:9868,35.849998,37.049999,34.099998,35.150002,30999900.0
2022-11-17 08:30:00,HKEX:9868,31.9,32.75,31.15,32.349998,30681814.0
2022-11-18 08:30:00,HKEX:9868,32.349998,33.200001,30.700001,30.85,34610080.0
2022-11-21 08:30:00,HKEX:9868,29.9,30.299999,28.85,29.85,20586964.0
2022-11-22 08:30:00,HKEX:9868,28.75,29.25,27.65,27.9,26863410.0
2022-11-23 08:30:00,HKEX:9868,27.9,28.5,27.1,27.85,21204760.0
2022-11-24 08:30:00,HKEX:9868,28.75,29.4,27.700001,28.15,18650100.0
2022-11-25 08:30:00,HKEX:9868,28.35,28.5,27.25,27.549999,12692148.0
2022-11-28 08:30:00,HKEX:9868,26.65,27.700001,25.85,27.5,18435800.0
2022-11-29 08:30:00,HKEX:9868,27.25,29.15,26.75,29.0,26691008.0
2022-11-30 08:30:00,HKEX:9868,29.1,33.650002,28.5,33.650002,64094182.0
2022-12-01 08:30:00,HKEX:9868,38.650002,44.950001,37.0,37.950001,74043158.0
2022-12-02 08:30:00,HKEX:9868,37.950001,39.0,36.549999,39.0,28491570.0
2022-12-05 08:30:00,HKEX:9868,44.400002,49.900002,42.549999,49.299999,72410412.0
2022-12-06 08:30:00,HKEX:9868,45.900002,47.450001,44.549999,46.549999,32327495.0
2022-12-07 08:30:00,HKEX:9868,47.0,50.400002,43.0,43.799999,38699309.0
2022-12-08 08:30:00,HKEX:9868,43.849998,46.349998,42.650002,45.200001,32961515.0
2022-12-09 08:30:00,HKEX:9868,47.0,47.5,44.799999,46.849998,19633790.0
2022-12-12 08:30:00,HKEX:9868,43.0,43.549999,40.650002,41.650002,25409897.0
2022-12-13 08:30:00,HKEX:9868,41.299999,42.599998,40.599998,41.349998,13387887.0
2022-12-14 08:30:00,HKEX:9868,40.400002,41.75,39.400002,40.75,16818538.0
2022-12-15 08:30:00,HKEX:9868,40.0,40.650002,38.549999,40.150002,14596227.0
2022-12-16 08:30:00,HKEX:9868,39.700001,41.900002,38.950001,40.799999,23291421.0
2022-12-19 08:30:00,HKEX:9868,41.799999,42.799999,39.299999,39.849998,12618470.0
2022-12-20 08:30:00,HKEX:9868,37.950001,38.25,36.599998,37.099998,15006405.0
2022-12-21 08:30:00,HKEX:9868,39.299999,39.400002,38.25,38.849998,11450716.0
2022-12-22 08:30:00,HKEX:9868,42.650002,44.099998,42.049999,43.200001,25225999.0
2022-12-23 08:30:00,HKEX:9868,41.450001,42.099998,40.849998,41.799999,12783165.0
2022-12-28 08:30:00,HKEX:9868,38.950001,39.049999,37.5,37.75,23252814.0
2022-12-29 08:30:00,HKEX:9868,37.0,38.049999,36.75,37.549999,10768200.0
2022-12-30 08:30:00,HKEX:9868,38.799999,39.150002,37.849998,38.349998,9995988.0
2023-01-03 08:30:00,HKEX:9868,38.349998,41.5,37.950001,41.349998,17771384.0
2023-01-04 08:30:00,HKEX:9868,40.700001,41.349998,39.700001,41.299999,12620260.0
2023-01-05 08:30:00,HKEX:9868,44.900002,45.75,43.849998,44.0,19047850.0
2023-01-06 08:30:00,HKEX:9868,45.5,45.849998,40.25,41.0,40993999.0
2023-01-09 08:30:00,HKEX:9868,39.200001,39.450001,37.799999,38.950001,29208891.0
2023-01-10 08:30:00,HKEX:9868,39.049999,41.599998,37.75,40.650002,29950291.0
2023-01-11 08:30:00,HKEX:9868,39.950001,40.900002,39.099998,39.799999,14803169.0
2023-01-12 08:30:00,HKEX:9868,39.799999,40.799999,38.0,38.349998,18053787.0
2023-01-13 08:30:00,HKEX:9868,38.799999,39.299999,37.700001,39.0,12464943.0
2023-01-16 08:30:00,HKEX:9868,39.0,39.549999,37.799999,38.400002,11010198.0
2023-01-17 08:30:00,HKEX:9868,38.75,38.799999,37.049999,37.5,10415990.0
2023-01-18 08:30:00,HKEX:9868,36.700001,36.700001,35.099998,36.400002,15826476.0
2023-01-19 08:30:00,HKEX:9868,35.700001,36.25,35.299999,36.200001,4906888.0
2023-01-20 08:30:00,HKEX:9868,35.5,36.5,35.049999,36.299999,6826255.0
2023-01-26 08:30:00,HKEX:9868,38.450001,40.200001,38.25,40.099998,11696950.0
2023-01-27 08:30:00,HKEX:9868,40.5,40.5,39.400002,40.299999,4524702.0
2023-01-30 08:30:00,HKEX:9868,41.950001,42.700001,39.099998,39.5,22870430.0
2023-01-31 08:30:00,HKEX:9868,39.099998,40.150002,39.0,39.650002,11548969.0
2023-02-01 08:30:00,HKEX:9868,41.5,43.799999,41.0,43.75,29458315.0
2023-02-02 08:30:00,HKEX:9868,43.950001,44.549999,42.799999,43.0,12501551.0
2023-02-03 08:30:00,HKEX:9868,42.650002,42.650002,40.799999,42.049999,8486730.0
2023-02-06 08:30:00,HKEX:9868,40.799999,40.799999,39.700001,40.25,10282215.0
2023-02-07 08:30:00,HKEX:9868,40.849998,41.549999,40.5,40.700001,6130952.0
2023-02-08 08:30:00,HKEX:9868,40.549999,40.549999,38.849998,39.099998,12175161.0
2023-02-09 08:30:00,HKEX:9868,38.75,40.650002,38.25,40.299999,6741820.0
2023-02-10 08:30:00,HKEX:9868,38.700001,38.950001,36.799999,37.099998,23656967.0
2023-02-13 08:30:00,HKEX:9868,37.0,37.75,36.75,37.700001,7929801.0
2023-02-14 08:30:00,HKEX:9868,37.700001,37.700001,36.599998,36.849998,9416195.0
2023-02-15 08:30:00,HKEX:9868,36.849998,37.200001,35.25,35.799999,12234183.0
2023-02-16 08:30:00,HKEX:9868,36.549999,38.650002,36.5,37.25,16251706.0
2023-02-17 08:30:00,HKEX:9868,37.849998,38.400002,36.900002,37.150002,11211166.0
2023-02-20 08:30:00,HKEX:9868,37.150002,38.599998,36.75,38.5,8345333.0
2023-02-21 08:30:00,HKEX:9868,38.5,39.200001,37.5,37.549999,7259000.0
2023-02-22 08:30:00,HKEX:9868,36.5,36.75,35.849998,36.200001,11450944.0
2023-02-23 08:30:00,HKEX:9868,36.200001,36.799999,35.599998,36.099998,10534837.0
2023-02-24 08:30:00,HKEX:9868,35.900002,35.950001,34.599998,34.75,9891376.0
2023-02-27 08:30:00,HKEX:9868,33.5,35.400002,33.299999,34.849998,14248513.0
2023-02-28 08:30:00,HKEX:9868,34.299999,35.0,33.849998,34.349998,17125697.0
2023-03-01 08:30:00,HKEX:9868,35.5,37.799999,35.349998,37.650002,20716042.0
2023-03-02 08:30:00,HKEX:9868,35.599998,36.599998,35.599998,35.75,16721676.0
2023-03-03 08:30:00,HKEX:9868,37.150002,37.299999,36.400002,36.849998,12766131.0
2023-03-06 08:30:00,HKEX:9868,37.400002,38.099998,36.75,37.700001,11570800.0
2023-03-07 08:30:00,HKEX:9868,37.200001,37.400002,35.799999,36.0,15343196.0
2023-03-08 08:30:00,HKEX:9868,34.5,34.5,33.049999,33.450001,24517136.0
2023-03-09 08:30:00,HKEX:9868,33.75,34.5,33.299999,33.400002,14771477.0
2023-03-10 08:30:00,HKEX:9868,32.650002,32.650002,31.299999,32.400002,67328840.0
2023-03-13 08:30:00,HKEX:9868,32.950001,33.599998,32.25,33.25,29350987.0
2023-03-14 08:30:00,HKEX:9868,33.099998,33.5,30.450001,30.950001,19872306.0
2023-03-15 08:30:00,HKEX:9868,31.25,31.6,30.75,31.0,11584463.0
2023-03-16 08:30:00,HKEX:9868,31.6,32.700001,31.25,31.75,14057366.0
2023-03-17 08:30:00,HKEX:9868,32.5,33.799999,32.450001,33.450001,13983626.0
2023-03-20 08:30:00,HKEX:9868,34.5,35.349998,33.599998,34.0,21326904.0
2023-03-21 08:30:00,HKEX:9868,35.450001,37.849998,35.150002,37.75,30006892.0
2023-03-22 08:30:00,HKEX:9868,38.599998,39.650002,38.25,39.0,17826639.0
2023-03-23 08:30:00,HKEX:9868,38.200001,40.25,37.650002,40.150002,16565244.0
2023-03-24 08:30:00,HKEX:9868,39.299999,39.299999,38.349998,39.049999,13981819.0
2023-03-27 08:30:00,HKEX:9868,38.299999,39.299999,37.75,38.099998,10534614.0
2023-03-28 08:30:00,HKEX:9868,39.0,40.200001,38.099998,39.849998,16957453.0
2023-03-29 08:30:00,HKEX:9868,40.900002,41.75,40.200001,41.299999,21491471.0
2023-03-30 08:30:00,HKEX:9868,43.099998,44.599998,42.349998,44.400002,27251785.0
2023-03-31 08:30:00,HKEX:9868,44.400002,44.799999,43.25,43.75,11957194.0
2023-04-03 08:30:00,HKEX:9868,43.75,44.599998,42.950001,44.349998,8995745.0
2023-04-04 08:30:00,HKEX:9868,43.150002,43.150002,40.700001,41.450001,14952665.0
2023-04-06 08:30:00,HKEX:9868,39.599998,40.75,39.400002,40.349998,10034422.0
2023-04-11 08:30:00,HKEX:9868,41.599998,42.25,40.599998,41.299999,8285760.0
2023-04-12 08:30:00,HKEX:9868,42.200001,42.200001,40.200001,40.400002,5905371.0
2023-04-13 08:30:00,HKEX:9868,39.150002,39.900002,38.450001,39.799999,5716582.0
2023-04-14 08:30:00,HKEX:9868,39.700001,40.200001,38.650002,39.099998,7516508.0
2023-04-17 08:30:00,HKEX:9868,39.099998,44.599998,39.0,44.0,22207432.0
2023-04-18 08:30:00,HKEX:9868,44.099998,46.900002,43.549999,43.650002,21466797.0
2023-04-19 08:30:00,HKEX:9868,43.900002,44.049999,40.549999,41.0,17242700.0
2023-04-20 08:30:00,HKEX:9868,38.900002,38.900002,37.299999,37.400002,18192199.0
2023-04-21 08:30:00,HKEX:9868,37.0,37.5,35.900002,36.25,9745614.0
2023-04-24 08:30:00,HKEX:9868,36.799999,37.5,35.900002,36.849998,8748168.0
2023-04-25 08:30:00,HKEX:9868,36.950001,37.0,35.5,35.950001,7829276.0
2023-04-26 08:30:00,HKEX:9868,35.200001,37.150002,35.099998,36.549999,15299200.0
2023-04-27 08:30:00,HKEX:9868,36.549999,37.400002,35.599998,36.549999,8628546.0
2023-04-28 08:30:00,HKEX:9868,37.950001,38.450001,37.349998,37.599998,7931880.0
2023-05-02 08:30:00,HKEX:9868,38.950001,39.549999,37.400002,38.549999,6700948.0
2023-05-03 08:30:00,HKEX:9868,38.450001,38.450001,37.25,38.299999,3296445.0
2023-05-04 08:30:00,HKEX:9868,37.950001,38.849998,37.700001,38.200001,5625171.0
2023-05-05 08:30:00,HKEX:9868,39.75,40.299999,39.299999,39.650002,12423451.0
2023-05-08 08:30:00,HKEX:9868,40.900002,42.299999,40.599998,41.400002,10707736.0
2023-05-09 08:30:00,HKEX:9868,41.450001,41.5,38.950001,39.299999,10725327.0
2023-05-10 08:30:00,HKEX:9868,39.299999,40.049999,38.200001,39.299999,8457028.0
2023-05-11 08:30:00,HKEX:9868,40.099998,40.700001,39.450001,40.5,10831330.0
2023-05-12 08:30:00,HKEX:9868,41.450001,41.599998,38.799999,39.349998,11676156.0
2023-05-15 08:30:00,HKEX:9868,38.400002,39.099998,37.25,38.799999,6970072.0
2023-05-16 08:30:00,HKEX:9868,38.75,38.75,37.5,37.849998,5613842.0
2023-05-17 08:30:00,HKEX:9868,37.5,37.650002,36.25,36.5,7388173.0
2023-05-18 08:30:00,HKEX:9868,37.200001,37.400002,36.099998,36.25,10504450.0
2023-05-19 08:30:00,HKEX:9868,36.0,36.099998,35.049999,35.549999,12580647.0
2023-05-22 08:30:00,HKEX:9868,35.5,37.5,35.5,36.650002,13551218.0
2023-05-23 08:30:00,HKEX:9868,37.0,37.099998,35.950001,36.150002,6076013.0
2023-05-24 08:30:00,HKEX:9868,36.099998,36.099998,34.299999,34.549999,9559279.0
2023-05-25 08:30:00,HKEX:9868,33.0,33.0,31.25,31.35,28173800.0
2023-05-29 08:30:00,HKEX:9868,31.450001,31.950001,30.35,30.549999,13946500.0
2023-05-30 08:30:00,HKEX:9868,30.9,31.6,30.549999,31.35,8770597.0
2023-05-31 08:30:00,HKEX:9868,30.799999,31.200001,30.5,31.049999,19124604.0
2023-06-01 08:30:00,HKEX:9868,31.0,31.5,30.299999,30.4,10625266.0
2023-06-02 08:30:00,HKEX:9868,31.5,32.950001,31.0,32.799999,18533475.0
2023-06-05 08:30:00,HKEX:9868,32.599998,33.349998,32.049999,33.25,9497964.0
2023-06-06 08:30:00,HKEX:9868,33.25,34.900002,32.950001,33.849998,10992108.0
2023-06-07 08:30:00,HKEX:9868,34.0,34.549999,33.200001,33.75,8668442.0
2023-06-08 08:30:00,HKEX:9868,33.150002,33.450001,32.599998,32.799999,7261471.0
2023-06-09 08:30:00,HKEX:9868,33.5,35.0,32.650002,34.549999,17746057.0
2023-06-12 08:30:00,HKEX:9868,35.0,38.950001,35.0,38.400002,34204761.0
2023-06-13 08:30:00,HKEX:9868,39.200001,39.900002,38.5,39.799999,19759528.0
2023-06-14 08:30:00,HKEX:9868,40.049999,43.299999,39.849998,41.599998,27276435.0
2023-06-15 08:30:00,HKEX:9868,42.299999,43.599998,42.0,43.299999,23385036.0
2023-06-16 08:30:00,HKEX:9868,45.0,45.900002,44.049999,45.099998,23854959.0
2023-06-19 08:30:00,HKEX:9868,44.849998,46.700001,44.450001,46.299999,15415888.0
2023-06-20 08:30:00,HKEX:9868,46.299999,46.700001,42.200001,42.549999,21310474.0
2023-06-21 08:30:00,HKEX:9868,42.099998,44.650002,42.049999,43.5,16033995.0
2023-06-23 08:30:00,HKEX:9868,41.5,41.650002,38.75,39.599998,7882436.0
2023-06-26 08:30:00,HKEX:9868,39.599998,42.099998,39.400002,40.25,15713790.0
2023-06-27 08:30:00,HKEX:9868,40.599998,41.049999,39.549999,40.25,9616129.0
2023-06-28 08:30:00,HKEX:9868,42.599998,45.25,41.900002,44.75,17667020.0
2023-06-29 08:30:00,HKEX:9868,46.0,47.349998,44.799999,45.299999,16193120.0
2023-06-30 08:30:00,HKEX:9868,46.200001,52.5,46.200001,50.0,33123506.0
2023-07-03 08:30:00,HKEX:9868,53.049999,59.0,52.349998,58.25,38751955.0
2023-07-04 08:30:00,HKEX:9868,55.599998,56.0,53.349998,54.450001,20805988.0
2023-07-05 08:30:00,HKEX:9868,54.75,56.549999,53.650002,55.099998,16854200.0
2023-07-06 08:30:00,HKEX:9868,57.0,58.799999,55.549999,57.599998,23330087.0
2023-07-07 08:30:00,HKEX:9868,55.849998,56.549999,54.299999,54.599998,14441824.0
2023-07-10 08:30:00,HKEX:9868,54.900002,57.0,52.450001,53.400002,13096996.0
2023-07-11 08:30:00,HKEX:9868,55.5,58.849998,54.150002,58.150002,22220888.0
2023-07-12 08:30:00,HKEX:9868,58.900002,63.200001,58.099998,59.599998,20630967.0
2023-07-13 08:30:00,HKEX:9868,60.450001,60.900002,57.599998,58.349998,15407035.0
2023-07-14 08:30:00,HKEX:9868,55.849998,57.099998,53.849998,56.5,14725860.0
2023-07-18 08:30:00,HKEX:9868,56.450001,58.75,55.049999,57.049999,17350424.0
2023-07-19 08:30:00,HKEX:9868,57.0,57.799999,54.5,57.200001,12060080.0
2023-07-20 08:30:00,HKEX:9868,59.0,60.799999,57.349998,57.549999,13440340.0
2023-07-21 08:30:00,HKEX:9868,58.0,60.099998,57.0,58.349998,12074984.0
2023-07-24 08:30:00,HKEX:9868,56.799999,59.400002,56.299999,57.650002,9148668.0
2023-07-25 08:30:00,HKEX:9868,62.349998,65.75,62.349998,65.0,23576439.0
2023-07-26 08:30:00,HKEX:9868,61.900002,61.900002,59.650002,60.5,17509261.0
2023-07-27 08:30:00,HKEX:9868,69.550003,81.449997,69.550003,81.0,65286424.0
2023-07-28 08:30:00,HKEX:9868,80.699997,86.050003,79.0,85.099998,28695622.0
2023-07-31 08:30:00,HKEX:9868,94.900002,96.300003,85.849998,86.75,36229496.0
2023-08-01 08:30:00,HKEX:9868,81.699997,86.150002,80.75,82.699997,20675017.0
2023-08-02 08:30:00,HKEX:9868,79.800003,79.800003,68.050003,70.599998,63664269.0
2023-08-03 08:30:00,HKEX:9868,73.0,75.0,71.849998,73.400002,26188520.0
2023-08-04 08:30:00,HKEX:9868,76.5,77.400002,72.050003,74.949997,18491540.0
2023-08-07 08:30:00,HKEX:9868,71.75,75.400002,71.050003,74.650002,10024297.0
2023-08-08 08:30:00,HKEX:9868,73.5,73.900002,71.199997,71.699997,9999024.0
2023-08-09 08:30:00,HKEX:9868,70.099998,70.550003,68.300003,69.099998,15358234.0
2023-08-10 08:30:00,HKEX:9868,66.75,68.25,65.849998,67.900002,13508711.0
2023-08-11 08:30:00,HKEX:9868,66.650002,66.800003,64.800003,66.099998,11403639.0
2023-08-14 08:30:00,HKEX:9868,63.400002,64.599998,61.0,64.099998,19322709.0
2023-08-15 08:30:00,HKEX:9868,64.25,66.550003,63.75,64.849998,14382818.0
2023-08-16 08:30:00,HKEX:9868,63.700001,63.849998,62.349998,62.549999,8154143.0
2023-08-17 08:30:00,HKEX:9868,61.599998,67.0,60.799999,65.300003,16042709.0
2023-08-18 08:30:00,HKEX:9868,62.849998,63.450001,60.650002,61.0,17459354.0
2023-08-21 08:30:00,HKEX:9868,59.650002,64.349998,58.900002,62.0,23734924.0
2023-08-22 08:30:00,HKEX:9868,65.800003,66.099998,62.849998,65.099998,19848716.0
2023-08-23 08:30:00,HKEX:9868,63.25,63.450001,61.75,62.450001,11757840.0
2023-08-24 08:30:00,HKEX:9868,63.5,65.75,62.450001,65.5,15811464.0
2023-08-25 08:30:00,HKEX:9868,64.199997,66.599998,64.0,65.099998,13915500.0
2023-08-28 08:30:00,HKEX:9868,74.300003,75.800003,71.050003,72.199997,32253989.0
2023-08-29 08:30:00,HKEX:9868,72.900002,75.900002,71.0,74.300003,20855541.0
2023-08-30 08:30:00,HKEX:9868,75.5,76.599998,72.300003,73.050003,17099119.0
2023-08-31 08:30:00,HKEX:9868,74.050003,75.199997,72.5,73.550003,13857258.0
2023-09-04 08:30:00,HKEX:9868,73.949997,76.949997,73.400002,75.300003,16989642.0
2023-09-05 08:30:00,HKEX:9868,76.25,76.25,73.699997,73.849998,9639965.0
2023-09-06 08:30:00,HKEX:9868,73.75,73.849998,70.75,73.300003,8847179.0
2023-09-07 08:30:00,HKEX:9868,73.5,75.0,72.800003,73.099998,7006419.0
2023-09-11 08:30:00,HKEX:9868,68.699997,72.550003,68.400002,71.75,12259713.0
2023-09-12 08:30:00,HKEX:9868,73.25,75.5,72.099998,72.800003,11950493.0
2023-09-13 08:30:00,HKEX:9868,73.150002,73.5,70.349998,71.0,7442656.0
2023-09-14 08:30:00,HKEX:9868,71.599998,72.400002,69.449997,71.25,7157925.0
2023-09-15 08:30:00,HKEX:9868,72.0,74.300003,70.599998,72.800003,8399178.0
2023-09-18 08:30:00,HKEX:9868,72.349998,73.449997,71.5,72.0,5842838.0
2023-09-19 08:30:00,HKEX:9868,72.0,72.599998,70.5,72.150002,5377254.0
2023-09-20 08:30:00,HKEX:9868,69.449997,69.599998,66.75,68.099998,18774614.0
2023-09-21 08:30:00,HKEX:9868,64.599998,65.400002,63.299999,63.400002,18769682.0
2023-09-22 08:30:00,HKEX:9868,62.200001,67.599998,62.150002,66.900002,14911414.0
2023-09-25 08:30:00,HKEX:9868,65.349998,68.199997,65.25,65.699997,14221900.0
2023-09-26 08:30:00,HKEX:9868,65.75,66.050003,62.849998,63.599998,11276800.0
2023-09-27 08:30:00,HKEX:9868,63.599998,65.400002,62.700001,63.900002,8108997.0
2023-09-28 08:30:00,HKEX:9868,65.0,65.900002,64.099998,64.550003,7803055.0
2023-09-29 08:30:00,HKEX:9868,67.75,70.900002,67.099998,69.949997,7344228.0
2023-10-03 08:30:00,HKEX:9868,70.199997,70.550003,67.949997,69.5,4713140.0
2023-10-04 08:30:00,HKEX:9868,67.949997,68.150002,66.349998,66.800003,5516656.0
2023-10-05 08:30:00,HKEX:9868,70.050003,71.699997,69.650002,70.0,5320538.0
2023-10-06 08:30:00,HKEX:9868,69.5,71.349998,69.199997,69.699997,3063498.0
2023-10-09 08:30:00,HKEX:9868,69.699997,70.900002,66.75,67.550003,9634382.0
2023-10-10 08:30:00,HKEX:9868,64.400002,65.800003,63.650002,64.449997,11022560.0
2023-10-11 08:30:00,HKEX:9868,66.400002,67.150002,65.599998,66.199997,6434523.0
2023-10-12 08:30:00,HKEX:9868,66.5,68.099998,66.199997,67.099998,6875436.0
2023-10-13 08:30:00,HKEX:9868,64.150002,65.650002,64.150002,64.699997,8679462.0
2023-10-16 08:30:00,HKEX:9868,64.150002,64.300003,60.849998,61.599998,12417482.0
2023-10-17 08:30:00,HKEX:9868,60.099998,60.450001,58.900002,59.599998,9239132.0
2023-10-18 08:30:00,HKEX:9868,59.900002,60.900002,58.25,58.799999,7595924.0
2023-10-19 08:30:00,HKEX:9868,53.799999,54.150002,52.650002,53.549999,17829522.0
2023-10-20 08:30:00,HKEX:9868,53.549999,55.0,53.200001,53.650002,9120100.0
2023-10-24 08:30:00,HKEX:9868,54.950001,55.849998,53.349998,55.150002,11239990.0
2023-10-25 08:30:00,HKEX:9868,59.450001,60.799999,57.200001,57.849998,16924304.0
2023-10-26 08:30:00,HKEX:9868,55.849998,57.0,55.25,56.799999,10966597.0
2023-10-27 08:30:00,HKEX:9868,58.0,60.099998,57.5,59.650002,11376593.0
2023-10-30 08:30:00,HKEX:9868,57.849998,60.0,57.799999,59.349998,10445600.0
2023-10-31 08:30:00,HKEX:9868,58.549999,58.849998,57.25,57.799999,7877550.0
2023-11-01 08:30:00,HKEX:9868,57.299999,58.5,56.099998,57.5,8792823.0
2023-11-02 08:30:00,HKEX:9868,60.599998,63.5,60.599998,61.849998,16103689.0
2023-11-03 08:30:00,HKEX:9868,64.849998,65.75,63.099998,64.650002,15977255.0
2023-11-06 08:30:00,HKEX:9868,66.650002,70.300003,66.599998,69.699997,15135073.0
2023-11-07 08:30:00,HKEX:9868,68.0,70.099998,67.5,69.050003,10307500.0
2023-11-08 08:30:00,HKEX:9868,66.800003,67.099998,62.950001,63.950001,17740816.0
2023-11-09 08:30:00,HKEX:9868,63.299999,65.5,62.650002,64.800003,10170276.0
2023-11-10 08:30:00,HKEX:9868,62.049999,62.650002,60.400002,60.650002,15689210.0
2023-11-13 08:30:00,HKEX:9868,60.25,61.150002,59.549999,60.950001,8975533.0
2023-11-14 08:30:00,HKEX:9868,61.900002,63.5,61.799999,63.0,10277919.0
2023-11-15 08:30:00,HKEX:9868,66.800003,67.849998,65.699997,67.800003,15937734.0
2023-11-16 08:30:00,HKEX:9868,66.5,67.050003,64.550003,65.150002,12008321.0
2023-11-17 08:30:00,HKEX:9868,64.099998,65.449997,62.450001,65.150002,10384848.0
2023-11-20 08:30:00,HKEX:9868,66.800003,68.900002,65.599998,68.449997,18092320.0
2023-11-21 08:30:00,HKEX:9868,70.800003,73.199997,69.650002,69.949997,18203992.0
2023-11-22 08:30:00,HKEX:9868,69.0,69.199997,67.5,68.300003,9280077.0
2023-11-23 08:30:00,HKEX:9868,68.849998,72.800003,68.550003,72.75,13473160.0
2023-11-24 08:30:00,HKEX:9868,71.599998,74.300003,71.050003,72.25,13073400.0
2023-11-27 08:30:00,HKEX:9868,72.550003,73.0,67.25,70.75,14199290.0
2023-11-28 08:30:00,HKEX:9868,70.0,71.099998,69.050003,69.650002,8670884.0
2023-11-29 08:30:00,HKEX:9868,71.25,71.25,66.900002,67.650002,14442093.0
2023-11-30 08:30:00,HKEX:9868,67.650002,67.849998,64.300003,67.199997,21357462.0
2023-12-01 08:30:00,HKEX:9868,65.5,65.5,63.349998,63.75,21295008.0
2023-12-04 08:30:00,HKEX:9868,63.200001,63.650002,61.700001,62.200001,13899826.0
2023-12-05 08:30:00,HKEX:9868,62.349998,63.849998,62.0,63.25,11758210.0
2023-12-06 08:30:00,HKEX:9868,63.400002,65.449997,62.0,64.349998,11013041.0
2023-12-07 08:30:00,HKEX:9868,65.099998,65.5,63.400002,64.099998,6884229.0
2023-12-08 08:30:00,HKEX:9868,63.099998,63.150002,59.849998,60.400002,12859894.0
2023-12-11 08:30:00,HKEX:9868,59.0,61.299999,58.200001,60.400002,10455960.0
2023-12-12 08:30:00,HKEX:9868,61.599998,63.700001,61.549999,62.950001,9061746.0
2023-12-13 08:30:00,HKEX:9868,60.849998,61.099998,58.349998,59.0,12880813.0
2023-12-14 08:30:00,HKEX:9868,60.5,61.0,57.950001,58.849998,9286399.0
2023-12-15 08:30:00,HKEX:9868,60.700001,61.950001,59.200001,59.299999,15931863.0
2023-12-18 08:30:00,HKEX:9868,56.150002,57.0,55.049999,55.349998,17078045.0
2023-12-19 08:30:00,HKEX:9868,56.099998,57.0,55.400002,56.900002,12624382.0
2023-12-20 08:30:00,HKEX:9868,57.549999,58.450001,56.349998,56.700001,5399257.0
2023-12-21 08:30:00,HKEX:9868,55.400002,55.799999,54.25,54.700001,7308039.0
2023-12-22 08:30:00,HKEX:9868,55.200001,55.349998,52.650002,53.450001,9007925.0
2023-12-27 08:30:00,HKEX:9868,54.700001,55.049999,52.900002,53.75,10316222.0
2023-12-28 08:30:00,HKEX:9868,52.950001,55.5,52.5,54.299999,10921402.0
2023-12-29 08:30:00,HKEX:9868,55.650002,57.049999,55.549999,56.700001,9735661.0
2024-01-02 08:30:00,HKEX:9868,59.049999,60.950001,55.799999,56.400002,13352366.0
2024-01-03 08:30:00,HKEX:9868,55.349998,56.75,54.150002,54.950001,9625528.0
2024-01-04 08:30:00,HKEX:9868,55.400002,55.5,53.299999,54.950001,7044762.0
2024-01-05 08:30:00,HKEX:9868,53.700001,54.599998,52.5,52.700001,9303652.0
2024-01-08 08:30:00,HKEX:9868,51.849998,51.849998,47.5,48.599998,22269550.0
2024-01-09 08:30:00,HKEX:9868,48.900002,49.849998,48.650002,48.950001,8527004.0
2024-01-10 08:30:00,HKEX:9868,48.950001,49.549999,48.0,48.450001,9300048.0
2024-01-11 08:30:00,HKEX:9868,48.849998,50.700001,48.349998,49.950001,6083654.0
2024-01-12 08:30:00,HKEX:9868,47.849998,48.450001,47.0,47.349998,10479287.0
2024-01-15 08:30:00,HKEX:9868,46.349998,46.349998,41.950001,43.0,26211631.0
2024-01-16 08:30:00,HKEX:9868,42.950001,44.5,42.400002,43.049999,11052588.0
2024-01-17 08:30:00,HKEX:9868,41.700001,41.700001,37.650002,38.900002,32871106.0
2024-01-18 08:30:00,HKEX:9868,39.150002,39.5,37.599998,38.75,17976531.0
2024-01-19 08:30:00,HKEX:9868,38.549999,38.650002,36.25,37.200001,16073028.0
2024-01-22 08:30:00,HKEX:9868,37.200001,37.650002,33.799999,34.75,20790117.0
2024-01-23 08:30:00,HKEX:9868,36.200001,38.25,35.599998,37.349998,25020615.0
2024-01-24 08:30:00,HKEX:9868,37.849998,38.549999,35.0,37.200001,21966105.0
2024-01-25 08:30:00,HKEX:9868,35.599998,35.950001,34.5,35.950001,16286846.0
2024-01-26 08:30:00,HKEX:9868,35.650002,35.650002,34.099998,34.400002,11085129.0
2024-01-29 08:30:00,HKEX:9868,34.5,35.200001,33.650002,34.150002,11304762.0
2024-01-30 08:30:00,HKEX:9868,34.400002,34.700001,33.900002,34.400002,9028125.0
2024-01-31 08:30:00,HKEX:9868,33.650002,33.700001,32.0,32.349998,11133682.0
2024-02-01 08:30:00,HKEX:9868,33.0,33.849998,32.599998,32.799999,10271413.0
2024-02-02 08:30:00,HKEX:9868,33.599998,34.25,31.4,32.200001,16126756.0
2024-02-05 08:30:00,HKEX:9868,31.299999,32.099998,30.799999,31.4,14908775.0
2024-02-06 08:30:00,HKEX:9868,30.799999,33.599998,30.5,33.450001,14803260.0
2024-02-07 08:30:00,HKEX:9868,34.299999,35.25,32.599998,33.099998,12317515.0
2024-02-08 08:30:00,HKEX:9868,33.099998,33.900002,32.75,33.200001,5922767.0
2024-02-09 08:30:00,HKEX:9868,33.049999,33.049999,31.25,32.25,3692278.0
2024-02-14 08:30:00,HKEX:9868,32.799999,35.200001,31.799999,34.799999,7777016.0
2024-02-15 08:30:00,HKEX:9868,34.200001,35.75,33.849998,35.400002,4270450.0
2024-02-16 08:30:00,HKEX:9868,35.400002,38.25,35.150002,37.5,6253327.0
2024-02-19 08:30:00,HKEX:9868,37.400002,37.400002,35.799999,36.900002,10975991.0
2024-02-20 08:30:00,HKEX:9868,37.200001,37.5,34.099998,35.549999,19404729.0
2024-02-21 08:30:00,HKEX:9868,34.950001,37.299999,34.75,36.25,12618141.0
2024-02-22 08:30:00,HKEX:9868,35.599998,36.450001,34.950001,36.450001,10303141.0
2024-02-23 08:30:00,HKEX:9868,35.700001,36.200001,34.700001,35.299999,12984778.0
2024-02-26 08:30:00,HKEX:9868,33.799999,35.849998,33.75,34.849998,15267462.0
2024-02-27 08:30:00,HKEX:9868,36.299999,36.950001,35.150002,36.799999,19154345.0
2024-02-28 08:30:00,HKEX:9868,36.700001,36.900002,34.799999,34.900002,17589567.0
2024-02-29 08:30:00,HKEX:9868,34.950001,36.450001,34.700001,35.900002,30763817.0
2024-03-01 08:30:00,HKEX:9868,36.400002,39.0,35.900002,38.849998,38798107.0
2024-03-04 08:30:00,HKEX:9868,38.849998,38.950001,36.599998,37.049999,23557947.0
2024-03-05 08:30:00,HKEX:9868,36.900002,36.900002,35.349998,35.950001,15114373.0
2024-03-06 08:30:00,HKEX:9868,36.099998,38.799999,36.099998,37.700001,14823356.0
2024-03-07 08:30:00,HKEX:9868,37.599998,38.0,35.349998,35.75,14124816.0
2024-03-08 08:30:00,HKEX:9868,36.5,37.25,36.5,36.700001,7520851.0
2024-03-11 08:30:00,HKEX:9868,37.0,39.349998,37.0,38.849998,16494021.0
2024-03-12 08:30:00,HKEX:9868,39.400002,42.150002,39.400002,41.25,20433025.0
2024-03-13 08:30:00,HKEX:9868,40.299999,41.25,39.950001,40.5,11713542.0
2024-03-14 08:30:00,HKEX:9868,39.599998,39.700001,37.900002,38.200001,16006725.0
2024-03-15 08:30:00,HKEX:9868,36.950001,37.849998,36.5,37.799999,21291797.0
2024-03-18 08:30:00,HKEX:9868,38.200001,40.75,38.200001,40.5,17198243.0
2024-03-19 08:30:00,HKEX:9868,38.950001,40.099998,38.099998,39.799999,17625530.0
2024-03-20 08:30:00,HKEX:9868,39.5,41.599998,38.5,40.549999,21469376.0
2024-03-21 08:30:00,HKEX:9868,37.900002,38.599998,37.299999,37.900002,39554220.0
2024-03-22 08:30:00,HKEX:9868,36.700001,37.049999,34.25,34.549999,28075321.0
2024-03-25 08:30:00,HKEX:9868,34.0,34.299999,33.200001,33.799999,17110612.0
2024-03-26 08:30:00,HKEX:9868,34.200001,34.75,33.700001,34.25,10154478.0
2024-03-27 08:30:00,HKEX:9868,34.0,34.0,31.9,32.099998,14968491.0
2024-03-28 08:30:00,HKEX:9868,30.799999,33.5,30.549999,32.099998,29993134.0
2024-04-02 08:30:00,HKEX:9868,30.450001,31.4,29.0,30.299999,30907548.0
2024-04-03 08:30:00,HKEX:9868,30.0,30.049999,28.35,28.75,22139334.0
2024-04-05 08:30:00,HKEX:9868,29.049999,29.450001,28.200001,28.950001,9373901.0
2024-04-08 08:30:00,HKEX:9868,29.049999,29.65,28.0,28.15,18505312.0
2024-04-09 08:30:00,HKEX:9868,28.700001,30.0,28.35,29.85,20054480.0
2024-04-10 08:30:00,HKEX:9868,31.4,32.299999,31.25,32.150002,24575907.0
2024-04-11 08:30:00,HKEX:9868,31.6,32.75,31.4,32.299999,16238637.0
2024-04-12 08:30:00,HKEX:9868,32.150002,32.400002,30.700001,30.75,12682673.0
2024-04-15 08:30:00,HKEX:9868,29.549999,30.0,29.0,29.299999,13022426.0
2024-04-16 08:30:00,HKEX:9868,28.200001,28.299999,27.5,27.65,18542532.0
2024-04-17 08:30:00,HKEX:9868,28.049999,28.5,27.85,28.25,8720746.0
2024-04-18 08:30:00,HKEX:9868,29.049999,29.549999,28.35,29.15,13042963.0
2024-04-19 08:30:00,HKEX:9868,27.85,27.950001,26.950001,27.0,16605443.0
2024-04-22 08:30:00,HKEX:9868,27.299999,27.4,25.700001,26.5,13946691.0
2024-04-23 08:30:00,HKEX:9868,27.4,27.6,26.700001,27.450001,9801181.0
2024-04-24 08:30:00,HKEX:9868,28.549999,28.75,27.700001,28.5,12234295.0
2024-04-25 08:30:00,HKEX:9868,27.799999,28.4,27.15,27.85,11420661.0
2024-04-26 08:30:00,HKEX:9868,27.85,30.6,27.85,30.299999,23486539.0
2024-04-29 08:30:00,HKEX:9868,31.299999,32.450001,30.65,30.75,22957853.0
2024-04-30 08:30:00,HKEX:9868,31.9,32.5,31.15,31.549999,15552089.0
2024-05-02 08:30:00,HKEX:9868,31.65,34.5,31.049999,34.150002,10657892.0
2024-05-03 08:30:00,HKEX:9868,37.0,37.5,35.349998,35.799999,13902263.0
2024-05-06 08:30:00,HKEX:9868,35.099998,35.5,33.900002,34.650002,25160352.0
2024-05-07 08:30:00,HKEX:9868,35.099998,35.400002,34.099998,34.349998,10702059.0
2024-05-08 08:30:00,HKEX:9868,33.099998,33.650002,32.049999,32.25,20516963.0
2024-05-09 08:30:00,HKEX:9868,31.1,32.5,30.799999,32.0,17883494.0
2024-05-10 08:30:00,HKEX:9868,32.150002,32.549999,31.15,31.950001,15499632.0
2024-05-13 08:30:00,HKEX:9868,30.549999,31.700001,29.799999,30.75,23797137.0
2024-05-14 08:30:00,HKEX:9868,32.0,32.75,30.700001,30.85,20587739.0
2024-05-16 08:30:00,HKEX:9868,31.200001,31.549999,30.200001,31.450001,12721336.0
2024-05-17 08:30:00,HKEX:9868,32.099998,32.5,30.85,31.85,20785592.0
2024-05-20 08:30:00,HKEX:9868,32.400002,34.549999,32.400002,34.25,32768081.0
2024-05-21 08:30:00,HKEX:9868,32.700001,32.75,30.65,30.65,30310491.0
2024-05-22 08:30:00,HKEX:9868,33.599998,35.150002,33.099998,34.650002,45244821.0
2024-05-23 08:30:00,HKEX:9868,33.950001,34.049999,32.5,32.799999,22482524.0
2024-05-24 08:30:00,HKEX:9868,31.9,32.599998,31.65,31.799999,14363198.0
2024-05-27 08:30:00,HKEX:9868,32.150002,32.700001,31.049999,32.549999,8185812.0
2024-05-28 08:30:00,HKEX:9868,32.5,33.5,32.0,32.349998,10056399.0
2024-05-29 08:30:00,HKEX:9868,33.0,33.150002,32.200001,32.400002,9131401.0
2024-05-30 08:30:00,HKEX:9868,32.0,32.099998,31.299999,31.799999,9277116.0
2024-05-31 08:30:00,HKEX:9868,33.400002,34.099998,32.299999,32.349998,26666733.0
2024-06-03 08:30:00,HKEX:9868,32.799999,33.25,32.349998,32.650002,11374766.0
2024-06-04 08:30:00,HKEX:9868,32.099998,32.599998,31.700001,32.299999,7834337.0
2024-06-05 08:30:00,HKEX:9868,32.0,33.25,31.85,32.700001,9819966.0
2024-06-06 08:30:00,HKEX:9868,33.400002,33.5,32.349998,32.75,8312610.0
2024-06-07 08:30:00,HKEX:9868,32.75,32.75,31.85,32.400002,21309384.0
2024-06-11 08:30:00,HKEX:9868,31.5,31.5,30.5,31.15,20071007.0
2024-06-12 08:30:00,HKEX:9868,29.6,30.0,29.35,29.5,19525136.0
2024-06-13 08:30:00,HKEX:9868,29.700001,30.15,28.9,29.049999,14843806.0
2024-06-14 08:30:00,HKEX:9868,28.75,29.1,28.299999,28.700001,10293200.0
2024-06-17 08:30:00,HKEX:9868,28.35,28.799999,27.85,28.35,7223902.0
2024-06-18 08:30:00,HKEX:9868,28.4,28.9,28.299999,28.35,6686677.0
2024-06-19 08:30:00,HKEX:9868,29.1,29.85,28.9,29.85,9089367.0
2024-06-20 08:30:00,HKEX:9868,29.85,29.950001,29.200001,29.4,5992376.0
2024-06-21 08:30:00,HKEX:9868,29.450001,29.6,29.049999,29.450001,10822011.0
2024-06-24 08:30:00,HKEX:9868,29.700001,30.5,29.549999,30.4,9645694.0
2024-06-25 08:30:00,HKEX:9868,30.65,30.950001,30.1,30.5,9871339.0
2024-06-26 08:30:00,HKEX:9868,30.85,31.450001,30.5,31.0,8199306.0
2024-06-27 08:30:00,HKEX:9868,31.85,31.85,30.6,30.65,11400830.0
2024-06-28 08:30:00,HKEX:9868,29.6,30.35,29.200001,29.549999,8563498.0
2024-07-02 08:30:00,HKEX:9868,30.1,31.0,29.549999,29.85,9718623.0
2024-07-03 08:30:00,HKEX:9868,29.75,30.65,29.549999,30.1,10086587.0
2024-07-04 08:30:00,HKEX:9868,32.450001,32.700001,31.1,31.35,19020750.0
2024-07-05 08:30:00,HKEX:9868,31.450001,31.450001,29.85,30.4,11322580.0
2024-07-08 08:30:00,HKEX:9868,30.5,30.700001,29.0,29.65,11231294.0
2024-07-09 08:30:00,HKEX:9868,29.35,29.35,28.25,29.0,9465103.0
2024-07-10 08:30:00,HKEX:9868,29.15,29.950001,28.6,29.6,7941158.0
2024-07-11 08:30:00,HKEX:9868,31.200001,33.400002,31.1,33.049999,31673406.0
2024-07-12 08:30:00,HKEX:9868,34.099998,34.450001,33.150002,34.450001,19342434.0
2024-07-15 08:30:00,HKEX:9868,34.200001,34.400002,32.599998,32.900002,10724864.0
2024-07-16 08:30:00,HKEX:9868,32.950001,34.0,32.650002,33.549999,11284559.0
2024-07-17 08:30:00,HKEX:9868,34.400002,35.299999,34.349998,34.599998,15237976.0
2024-07-18 08:30:00,HKEX:9868,33.5,33.599998,32.549999,32.799999,9564542.0
2024-07-19 08:30:00,HKEX:9868,32.549999,33.450001,32.099998,32.400002,11529313.0
2024-07-22 08:30:00,HKEX:9868,33.349998,34.150002,32.450001,33.650002,11780305.0
2024-07-23 08:30:00,HKEX:9868,34.900002,34.950001,33.75,33.950001,11726488.0
2024-07-24 08:30:00,HKEX:9868,32.950001,32.950001,31.85,32.25,9371060.0
2024-07-25 08:30:00,HKEX:9868,31.6,32.150002,31.15,31.65,7350766.0
2024-07-26 08:30:00,HKEX:9868,32.150002,32.400002,31.65,32.200001,5503743.0
2024-07-29 08:30:00,HKEX:9868,33.299999,33.299999,32.450001,32.5,8224823.0
2024-07-30 08:30:00,HKEX:9868,32.299999,32.299999,31.0,31.25,9495013.0
2024-07-31 08:30:00,HKEX:9868,31.5,32.549999,31.200001,32.349998,9026878.0
2024-08-01 08:30:00,HKEX:9868,32.099998,32.099998,30.85,31.0,11258837.0
2024-08-02 08:30:00,HKEX:9868,29.9,30.35,29.1,29.450001,13589044.0
2024-08-05 08:30:00,HKEX:9868,28.9,30.049999,28.4,28.65,12747935.0
2024-08-06 08:30:00,HKEX:9868,29.299999,29.65,28.450001,28.65,8716800.0
2024-08-07 08:30:00,HKEX:9868,28.5,28.549999,27.5,27.65,18738679.0
2024-08-08 08:30:00,HKEX:9868,26.9,27.450001,26.4,26.700001,14036724.0
2024-08-09 08:30:00,HKEX:9868,27.5,27.9,27.200001,27.700001,9369618.0
2024-08-12 08:30:00,HKEX:9868,27.0,27.15,26.25,26.549999,10906000.0
2024-08-13 08:30:00,HKEX:9868,26.200001,26.35,25.5,26.049999,11091360.0
2024-08-14 08:30:00,HKEX:9868,26.9,27.1,26.25,26.5,9084334.0
2024-08-15 08:30:00,HKEX:9868,25.9,26.75,25.700001,26.35,6915625.0
2024-08-16 08:30:00,HKEX:9868,26.549999,26.9,26.450001,26.6,7059852.0
2024-08-19 08:30:00,HKEX:9868,26.950001,27.950001,26.950001,27.6,11504800.0
2024-08-20 08:30:00,HKEX:9868,28.1,28.4,27.200001,27.549999,9843222.0
2024-08-21 08:30:00,HKEX:9868,26.450001,27.4,26.0,26.950001,11452041.0
2024-08-22 08:30:00,HKEX:9868,27.549999,27.75,26.549999,27.6,12052841.0
2024-08-23 08:30:00,HKEX:9868,27.299999,27.299999,26.85,27.15,6773220.0
2024-08-26 08:30:00,HKEX:9868,27.549999,29.15,27.549999,29.049999,16339343.0
2024-08-27 08:30:00,HKEX:9868,29.1,30.35,28.75,30.299999,13509146.0
2024-08-28 08:30:00,HKEX:9868,31.0,31.299999,30.35,30.950001,19484229.0
2024-08-29 08:30:00,HKEX:9868,28.700001,29.75,27.950001,29.4,19756941.0
2024-08-30 08:30:00,HKEX:9868,30.6,32.799999,30.25,31.85,29971713.0
2024-09-02 08:30:00,HKEX:9868,32.25,32.299999,31.4,31.6,10756638.0
2024-09-03 08:30:00,HKEX:9868,31.700001,33.25,31.549999,32.200001,12004479.0
2024-09-04 08:30:00,HKEX:9868,32.599998,33.25,32.099998,32.700001,10816652.0
2024-09-05 08:30:00,HKEX:9868,33.25,33.700001,32.75,33.200001,11042043.0
2024-09-09 08:30:00,HKEX:9868,33.2,33.85,32.2,32.4,19223412.0
2024-09-10 08:30:00,HKEX:9868,33.0,33.8,32.6,33.05,15686807.0
2024-09-11 08:30:00,HKEX:9868,33.75,34.5,33.6,34.15,13283276.0
2024-09-12 08:30:00,HKEX:9868,35.15,35.3,34.25,34.6,10000790.0
2024-09-13 08:30:00,HKEX:9868,33.45,34.65,33.0,34.15,8884969.0
2024-09-16 08:30:00,HKEX:9868,34.6,35.1,34.05,35.1,2926540.0
2024-09-17 08:30:00,HKEX:9868,35.2,35.85,34.5,35.5,3572243.0
2024-09-19 08:30:00,HKEX:9868,34.1,35.8,33.95,35.6,11660244.0
2024-09-20 08:30:00,HKEX:9868,36.55,39.45,36.25,38.05,31722264.0
2024-09-23 08:30:00,HKEX:9868,38.05,38.3,37.0,37.2,11928397.0
2024-09-24 08:30:00,HKEX:9868,38.05,39.6,37.65,39.6,17733440.0
2024-09-25 08:30:00,HKEX:9868,41.5,41.9,38.65,39.0,19606756.0
2024-09-26 08:30:00,HKEX:9868,40.6,43.65,39.95,43.3,26404285.0
2024-09-27 08:30:00,HKEX:9868,44.85,47.4,43.9,47.25,32130570.0
2024-09-30 08:30:00,HKEX:9868,50.75,54.85,50.15,52.95,34613528.0
2024-10-02 08:30:00,HKEX:9868,51.15,57.35,51.15,55.0,26873499.0
2024-10-03 08:30:00,HKEX:9868,53.35,53.35,48.15,50.4,21154649.0
2024-10-04 08:30:00,HKEX:9868,48.5,51.4,47.8,50.25,15344149.0
2024-10-07 08:30:00,HKEX:9868,52.0,55.0,51.4,51.9,16331191.0
2024-10-08 08:30:00,HKEX:9868,51.55,51.6,44.0,45.05,40526587.0
2024-10-09 08:30:00,HKEX:9868,47.0,50.6,45.6,46.85,36506144.0
2024-10-10 08:30:00,HKEX:9868,48.85,51.5,48.2,50.6,28148582.0
2024-10-14 08:30:00,HKEX:9868,49.0,49.05,45.95,47.75,21752153.0
2024-10-15 08:30:00,HKEX:9868,45.5,46.6,44.0,44.5,26463892.0
2024-10-16 08:30:00,HKEX:9868,43.6,44.45,42.4,43.05,18768413.0
2024-10-17 08:30:00,HKEX:9868,43.05,44.5,41.65,41.85,11823297.0
2024-10-18 08:30:00,HKEX:9868,40.5,43.6,39.85,42.45,27746483.0
2024-10-21 08:30:00,HKEX:9868,41.55,42.35,40.9,41.2,16727511.0
2024-10-22 08:30:00,HKEX:9868,42.45,43.9,42.2,42.35,20304616.0
2024-10-23 08:30:00,HKEX:9868,42.55,45.05,42.35,44.15,17243600.0
2024-10-24 08:30:00,HKEX:9868,44.15,44.55,42.55,42.6,11894893.0
2024-10-25 08:30:00,HKEX:9868,41.0,42.9,40.9,41.8,24164200.0
2024-10-28 08:30:00,HKEX:9868,43.85,45.6,43.6,44.8,19296953.0
2024-10-29 08:30:00,HKEX:9868,47.7,48.4,45.85,45.95,19102463.0
2024-10-30 08:30:00,HKEX:9868,45.05,46.25,43.85,44.15,17394186.0
2024-10-31 08:30:00,HKEX:9868,44.35,45.7,44.15,45.15,13013181.0
2024-11-01 08:30:00,HKEX:9868,43.85,44.95,43.05,44.3,14097600.0
2024-11-04 08:30:00,HKEX:9868,45.15,48.05,45.15,47.7,21017929.0
2024-11-05 08:30:00,HKEX:9868,47.1,50.15,46.9,49.7,22631315.0
2024-11-06 08:30:00,HKEX:9868,50.5,51.85,48.3,49.4,22516276.0
2024-11-07 08:30:00,HKEX:9868,48.0,50.8,47.7,50.0,19541969.0
2024-11-08 08:30:00,HKEX:9868,57.5,60.0,57.0,57.35,55752540.0
2024-11-11 08:30:00,HKEX:9868,57.3,59.8,56.2,59.55,32107262.0
2024-11-12 08:30:00,HKEX:9868,60.0,61.6,56.05,56.85,28659723.0
2024-11-13 08:30:00,HKEX:9868,53.8,54.6,51.95,54.3,27328669.0
2024-11-14 08:30:00,HKEX:9868,52.75,53.05,50.1,50.55,27737290.0
2024-11-15 08:30:00,HKEX:9868,49.6,51.2,48.7,49.6,22766568.0
2024-11-18 08:30:00,HKEX:9868,50.5,51.35,49.3,50.2,18182277.0
2024-11-19 08:30:00,HKEX:9868,51.4,53.25,50.7,51.95,20196667.0
2024-11-20 08:30:00,HKEX:9868,49.6,51.85,49.6,50.35,21969050.0
2024-11-21 08:30:00,HKEX:9868,49.6,50.0,47.0,47.35,27754645.0
2024-11-22 08:30:00,HKEX:9868,47.65,48.1,44.7,45.2,24183385.0
2024-11-25 08:30:00,HKEX:9868,47.05,47.1,44.5,45.15,25484249.0
2024-11-26 08:30:00,HKEX:9868,44.5,46.0,44.2,44.4,13193142.0
2024-11-27 08:30:00,HKEX:9868,44.5,46.65,42.9,46.2,24764406.0
2024-11-28 08:30:00,HKEX:9868,46.8,46.9,45.15,45.35,13298390.0
2024-11-29 08:30:00,HKEX:9868,45.7,47.25,45.5,46.45,15442589.0
2024-12-02 08:30:00,HKEX:9868,47.1,49.6,47.1,48.8,23121528.0
2024-12-03 08:30:00,HKEX:9868,48.95,49.25,47.4,48.75,18094440.0
2024-12-04 08:30:00,HKEX:9868,49.25,50.95,49.0,50.0,20338580.0
2024-12-05 08:30:00,HKEX:9868,49.9,50.75,49.5,49.95,13023939.0
2024-12-06 08:30:00,HKEX:9868,49.5,50.5,48.65,50.05,16074507.0
2024-12-09 08:30:00,HKEX:9868,49.0,52.55,48.3,52.45,22981454.0
2024-12-10 08:30:00,HKEX:9868,55.7,55.8,51.3,51.5,24189055.0
2024-12-11 08:30:00,HKEX:9868,51.5,52.5,50.25,50.7,10867888.0
2024-12-12 08:30:00,HKEX:9868,50.7,51.6,49.5,50.8,14707240.0
2024-12-13 08:30:00,HKEX:9868,50.1,50.2,47.6,47.8,18483851.0
2024-12-16 08:30:00,HKEX:9868,48.0,48.6,47.25,48.0,9388917.0
2024-12-17 08:30:00,HKEX:9868,47.85,49.4,47.65,48.15,10738499.0
2024-12-18 08:30:00,HKEX:9868,50.05,50.2,49.0,50.1,11767509.0
2024-12-19 08:30:00,HKEX:9868,48.6,49.15,48.25,48.5,10866871.0
2024-12-20 08:30:00,HKEX:9868,49.1,49.6,48.5,48.6,11831301.0
2024-12-23 08:30:00,HKEX:9868,49.15,49.45,48.25,49.0,6910363.0
2024-12-24 08:30:00,HKEX:9868,49.0,50.4,49.0,50.1,6507216.0
2024-12-27 08:30:00,HKEX:9868,51.15,51.5,48.5,49.35,18238061.0
2024-12-30 08:30:00,HKEX:9868,49.0,49.4,46.15,46.5,21405373.0
2024-12-31 08:30:00,HKEX:9868,46.1,46.9,45.85,46.65,8550909.0
2025-01-02 08:30:00,HKEX:9868,46.2,46.3,44.9,45.0,15223870.0
2025-01-03 08:30:00,HKEX:9868,45.1,46.35,44.0,44.7,17555608.0
2025-01-06 08:30:00,HKEX:9868,45.6,47.05,45.15,46.2,17200737.0
2025-01-07 08:30:00,HKEX:9868,45.8,47.9,45.15,47.45,22499179.0
2025-01-08 08:30:00,HKEX:9868,49.65,49.9,47.6,48.55,30741520.0
2025-01-09 08:30:00,HKEX:9868,47.7,47.8,46.4,46.8,12142501.0
2025-01-10 08:30:00,HKEX:9868,47.5,48.05,46.25,46.6,7257056.0
2025-01-13 08:30:00,HKEX:9868,47.25,47.25,45.8,46.65,10814135.0
2025-01-14 08:30:00,HKEX:9868,46.2,50.65,45.75,50.6,29605172.0
2025-01-15 08:30:00,HKEX:9868,49.35,50.4,48.85,50.1,16233842.0
2025-01-16 08:30:00,HKEX:9868,51.2,53.8,50.95,53.6,30170666.0
2025-01-17 08:30:00,HKEX:9868,53.6,54.7,53.15,54.2,12295810.0
2025-01-20 08:30:00,HKEX:9868,54.8,56.65,54.65,56.35,18288153.0
2025-01-21 08:30:00,HKEX:9868,57.35,59.85,55.8,59.7,30225267.0
2025-01-22 08:30:00,HKEX:9868,58.15,59.35,57.3,57.85,17371182.0
2025-01-23 08:30:00,HKEX:9868,57.2,58.1,55.1,55.75,18336928.0
2025-01-24 08:30:00,HKEX:9868,55.75,57.7,55.45,57.2,10884315.0
2025-01-27 08:30:00,HKEX:9868,57.2,60.05,57.0,58.15,16746907.0
2025-01-28 08:30:00,HKEX:9868,59.6,59.6,57.85,59.0,2265404.0
2025-02-03 08:30:00,HKEX:9868,57.9,58.75,55.2,58.45,10314978.0
2025-02-04 08:30:00,HKEX:9868,61.35,67.2,60.95,65.7,21546180.0
2025-02-05 08:30:00,HKEX:9868,65.0,65.65,62.75,64.85,19533103.0
2025-02-06 08:30:00,HKEX:9868,65.4,67.5,64.0,67.3,19956572.0
2025-02-07 08:30:00,HKEX:9868,67.8,69.35,65.7,68.45,34044749.0
2025-02-10 08:30:00,HKEX:9868,66.4,68.15,64.7,67.75,26785118.0
2025-02-11 08:30:00,HKEX:9868,65.3,65.3,61.55,61.65,46420378.0
2025-02-12 08:30:00,HKEX:9868,61.1,63.25,60.5,62.35,23892992.0
2025-02-13 08:30:00,HKEX:9868,62.45,64.3,60.05,60.6,33914311.0
2025-02-14 08:30:00,HKEX:9868,62.0,64.35,62.0,64.2,27085407.0
2025-02-17 08:30:00,HKEX:9868,65.0,67.95,64.15,66.55,25367878.0
2025-02-18 08:30:00,HKEX:9868,67.55,69.9,66.4,68.35,21356846.0
2025-02-19 08:30:00,HKEX:9868,69.6,72.65,67.45,71.1,28089172.0
2025-02-20 08:30:00,HKEX:9868,70.6,72.0,67.85,68.15,18268381.0
2025-02-21 08:30:00,HKEX:9868,69.7,72.2,68.65,71.9,21489135.0
2025-02-24 08:30:00,HKEX:9868,71.9,74.6,70.4,72.25,22730525.0
2025-02-25 08:30:00,HKEX:9868,70.25,77.85,69.0,75.45,39492032.0
2025-02-26 08:30:00,HKEX:9868,75.7,83.1,75.6,81.7,43617595.0
2025-02-27 08:30:00,HKEX:9868,88.0,90.0,83.55,86.75,54478640.0
2025-02-28 08:30:00,HKEX:9868,86.75,86.95,79.25,79.8,46948283.0
2025-03-03 08:30:00,HKEX:9868,83.8,86.0,80.45,81.35,37669292.0
2025-03-04 08:30:00,HKEX:9868,78.15,80.9,75.85,78.9,30236122.0
2025-03-05 08:30:00,HKEX:9868,79.65,82.7,78.3,82.05,21774480.0
2025-03-06 08:30:00,HKEX:9868,85.35,87.8,83.6,86.05,27155286.0
2025-03-07 08:30:00,HKEX:9868,87.35,92.55,85.25,90.0,36509654.0
2025-03-10 08:30:00,HKEX:9868,92.5,96.35,88.6,89.25,41839199.0
2025-03-11 08:30:00,HKEX:9868,89.0,98.4,88.4,97.45,42079134.0
2025-03-12 08:30:00,HKEX:9868,102.8,106.0,91.9,95.25,56240904.0
2025-03-13 08:30:00,HKEX:9868,96.05,97.5,92.0,95.5,32110833.0
2025-03-14 08:30:00,HKEX:9868,98.0,98.0,90.7,92.1,48167013.0
2025-03-17 08:30:00,HKEX:9868,90.9,94.45,89.2,93.75,27554566.0
2025-03-18 08:30:00,HKEX:9868,95.1,96.2,92.5,95.1,26877561.0
2025-03-19 08:30:00,HKEX:9868,89.95,90.75,87.5,89.55,48517067.0
2025-03-20 08:30:00,HKEX:9868,92.35,93.3,88.35,88.9,28411444.0
2025-03-21 08:30:00,HKEX:9868,86.05,88.25,83.35,83.5,34406731.0
2025-03-24 08:30:00,HKEX:9868,85.0,86.55,82.5,86.25,26083878.0
2025-03-25 08:30:00,HKEX:9868,82.55,84.25,79.05,79.8,41245539.0
2025-03-26 08:30:00,HKEX:9868,81.1,83.25,80.4,81.35,22090184.0
2025-03-27 08:30:00,HKEX:9868,80.45,83.3,78.65,79.1,31880625.0
2025-03-28 08:30:00,HKEX:9868,79.1,80.05,75.95,77.25,26259197.0
2025-03-31 08:30:00,HKEX:9868,76.8,79.45,75.65,78.8,21188354.0
2025-04-01 08:30:00,HKEX:9868,81.9,86.25,79.95,83.2,43794785.0
2025-04-02 08:30:00,HKEX:9868,81.55,85.45,81.35,82.9,24607417.0
2025-04-03 08:30:00,HKEX:9868,79.75,83.6,79.55,81.55,21479773.0
2025-04-07 08:30:00,HKEX:9868,72.9,74.5,64.05,65.0,64279890.0
2025-04-08 08:30:00,HKEX:9868,69.0,69.65,64.45,67.35,46745431.0
2025-04-09 08:30:00,HKEX:9868,63.65,69.3,60.6,68.2,47362485.0
2025-04-10 08:30:00,HKEX:9868,72.1,74.75,70.4,71.2,39276230.0
2025-04-11 08:30:00,HKEX:9868,70.95,78.15,70.0,75.95,38019073.0
2025-04-14 08:30:00,HKEX:9868,80.0,82.8,79.0,81.1,34004605.0
2025-04-15 08:30:00,HKEX:9868,81.35,81.9,77.6,78.8,20351729.0
2025-04-16 08:30:00,HKEX:9868,75.85,75.95,72.05,73.35,25507727.0
2025-04-17 08:30:00,HKEX:9868,72.85,75.65,71.65,73.55,16699512.0
2025-04-22 08:30:00,HKEX:9868,73.2,74.25,71.3,73.3,21749726.0
2025-04-23 08:30:00,HKEX:9868,76.5,81.2,74.35,79.7,39513221.0
2025-04-24 08:30:00,HKEX:9868,81.0,82.3,77.0,79.2,28128686.0
2025-04-25 08:30:00,HKEX:9868,81.0,81.2,77.1,77.75,20135136.0
2025-04-28 08:30:00,HKEX:9868,77.55,77.65,75.55,77.05,16102255.0
2025-04-29 08:30:00,HKEX:9868,77.05,77.2,73.2,73.6,32129845.0
2025-04-30 08:30:00,HKEX:9868,72.8,72.85,71.1,72.85,27062560.0
2025-05-02 08:30:00,HKEX:9868,73.45,78.75,72.1,77.7,11367001.0
2025-05-06 08:30:00,HKEX:9868,77.6,77.6,74.45,75.1,17336398.0
2025-05-07 08:30:00,HKEX:9868,76.95,77.9,74.5,74.8,21858730.0
2025-05-08 08:30:00,HKEX:9868,74.5,77.2,74.0,76.1,14583025.0
2025-05-09 08:30:00,HKEX:9868,76.25,76.7,74.1,75.2,9708058.0
2025-05-12 08:30:00,HKEX:9868,77.45,84.4,77.35,83.2,41690106.0
2025-05-13 08:30:00,HKEX:9868,83.0,83.0,78.2,78.75,20630539.0
2025-05-14 08:30:00,HKEX:9868,80.7,83.1,79.5,81.8,20657344.0
2025-05-15 08:30:00,HKEX:9868,80.95,81.8,79.55,80.9,13337807.0
2025-05-16 08:30:00,HKEX:9868,80.5,80.5,77.85,79.7,16713399.0
2025-05-19 08:30:00,HKEX:9868,78.8,79.2,76.35,77.6,15907088.0
2025-05-20 08:30:00,HKEX:9868,77.8,79.4,77.1,77.55,15495919.0
2025-05-21 08:30:00,HKEX:9868,77.55,78.8,76.45,77.55,20288133.0
2025-05-22 08:30:00,HKEX:9868,85.1,85.45,81.05,82.05,49608635.0
2025-05-23 08:30:00,HKEX:9868,80.2,81.3,78.6,78.85,29440736.0
2025-05-26 08:30:00,HKEX:9868,78.05,80.0,74.85,75.35,23775346.0
2025-05-27 08:30:00,HKEX:9868,75.35,76.25,73.65,75.55,16766387.0
2025-05-28 08:30:00,HKEX:9868,75.55,76.5,74.6,76.45,13495730.0
2025-05-29 08:30:00,HKEX:9868,76.45,83.15,76.45,80.4,38073011.0
2025-05-30 08:30:00,HKEX:9868,79.9,79.9,76.2,76.35,25445652.0
2025-06-02 08:30:00,HKEX:9868,75.15,76.0,73.35,75.1,9096693.0
2025-06-03 08:30:00,HKEX:9868,75.45,77.45,74.95,76.9,18708746.0
2025-06-04 08:30:00,HKEX:9868,76.1,80.45,76.1,78.5,24191274.0
2025-06-05 08:30:00,HKEX:9868,79.8,80.8,78.55,79.3,15345643.0
2025-06-06 08:30:00,HKEX:9868,78.8,78.8,75.85,77.9,37715830.0
2025-06-09 08:30:00,HKEX:9868,77.55,79.55,76.25,78.55,22168119.0
2025-06-10 08:30:00,HKEX:9868,79.1,81.25,78.1,79.4,23477983.0
2025-06-11 08:30:00,HKEX:9868,79.4,81.9,79.4,81.8,20274292.0
2025-06-12 08:30:00,HKEX:9868,79.1,79.2,76.3,76.35,38922300.0
2025-06-13 08:30:00,HKEX:9868,76.0,76.3,71.5,72.4,49832584.0
2025-06-16 08:30:00,HKEX:9868,72.3,74.3,71.45,73.8,17394949.0
2025-06-17 08:30:00,HKEX:9868,74.0,74.4,72.8,73.2,10205752.0
2025-06-18 08:30:00,HKEX:9868,73.5,74.7,72.8,73.85,13097938.0
2025-06-19 08:30:00,HKEX:9868,73.75,74.25,71.3,71.75,16223321.0
2025-06-20 08:30:00,HKEX:9868,72.0,72.45,70.9,72.45,18314957.0
2025-06-23 08:30:00,HKEX:9868,70.9,74.4,69.75,74.35,17415238.0
2025-06-24 08:30:00,HKEX:9868,75.5,77.8,75.45,76.7,28808899.0
2025-06-25 08:30:00,HKEX:9868,76.95,77.35,75.65,76.45,13760131.0
2025-06-26 08:30:00,HKEX:9868,75.6,77.1,73.65,74.15,19748848.0
2025-06-27 08:30:00,HKEX:9868,71.4,72.7,70.05,71.8,42719045.0
2025-06-30 08:30:00,HKEX:9868,71.8,72.4,70.55,70.6,20252624.0
2025-07-02 08:30:00,HKEX:9868,72.0,72.7,70.95,72.15,18608838.0
2025-07-03 08:30:00,HKEX:9868,72.5,73.95,72.0,73.95,19176337.0
2025-07-04 08:30:00,HKEX:9868,72.5,72.95,68.0,69.1,61366906.0
2025-07-07 08:30:00,HKEX:9868,69.2,71.05,68.6,70.95,25757165.0
2025-07-08 08:30:00,HKEX:9868,70.4,71.2,70.0,71.0,16237265.0
2025-07-09 08:30:00,HKEX:9868,70.75,71.85,69.05,69.5,16606668.0
2025-07-10 08:30:00,HKEX:9868,69.25,69.5,67.6,67.7,23314232.0
2025-07-11 08:30:00,HKEX:9868,67.85,69.7,67.8,68.3,21283820.0
2025-07-14 08:30:00,HKEX:9868,68.05,69.2,67.15,68.85,15339857.0
2025-07-15 08:30:00,HKEX:9868,68.9,70.8,68.6,70.8,17232321.0
2025-07-16 08:30:00,HKEX:9868,70.55,72.4,69.9,70.3,18383804.0
2025-07-17 08:30:00,HKEX:9868,70.5,71.55,69.95,71.1,12006378.0
2025-07-18 08:30:00,HKEX:9868,71.9,72.35,71.2,71.95,12423915.0
2025-07-21 08:30:00,HKEX:9868,72.25,72.5,71.2,72.15,12013713.0
2025-07-22 08:30:00,HKEX:9868,72.0,72.4,71.2,72.15,9405323.0
2025-07-23 08:30:00,HKEX:9868,73.8,74.85,73.4,74.05,25510237.0
2025-07-24 08:30:00,HKEX:9868,73.85,77.5,73.5,75.9,26179928.0
2025-07-25 08:30:00,HKEX:9868,75.9,76.0,74.8,75.3,10446692.0
2025-07-28 08:30:00,HKEX:9868,75.3,76.5,74.1,75.15,13217222.0
2025-07-29 08:30:00,HKEX:9868,74.95,75.75,73.65,74.85,10917503.0
2025-07-30 08:30:00,HKEX:9868,72.9,72.9,70.25,70.6,25651799.0
2025-07-31 08:30:00,HKEX:9868,71.15,72.45,70.15,71.6,13913256.0
2025-08-01 08:30:00,HKEX:9868,71.85,73.2,71.3,71.3,10859531.0
2025-08-04 08:30:00,HKEX:9868,71.1,73.65,71.1,73.3,14050098.0
2025-08-05 08:30:00,HKEX:9868,73.85,75.45,73.8,75.05,14774469.0
2025-08-06 08:30:00,HKEX:9868,75.8,77.7,74.1,77.3,21847934.0
2025-08-07 08:30:00,HKEX:9868,76.0,77.5,75.2,76.95,17674228.0
2025-08-08 08:30:00,HKEX:9868,76.5,79.75,76.5,79.35,20557844.0
2025-08-11 08:30:00,HKEX:9868,79.95,85.85,79.7,83.6,39376306.0
2025-08-12 08:30:00,HKEX:9868,83.0,83.95,81.1,82.0,13213756.0
2025-08-13 08:30:00,HKEX:9868,79.95,79.95,78.05,79.8,17764121.0
2025-08-14 08:30:00,HKEX:9868,79.8,79.85,77.35,77.65,15914660.0
2025-08-15 08:30:00,HKEX:9868,79.0,79.15,76.15,77.4,19682927.0
2025-08-18 08:30:00,HKEX:9868,78.75,80.15,77.95,78.5,15868491.0
2025-08-19 08:30:00,HKEX:9868,78.2,78.4,75.85,77.05,15054075.0
2025-08-20 08:30:00,HKEX:9868,79.75,81.8,79.25,80.45,35446223.0
2025-08-21 08:30:00,HKEX:9868,79.35,81.15,78.7,80.9,15037660.0
2025-08-22 08:30:00,HKEX:9868,88.45,92.25,87.25,91.9,70833441.0
2025-08-25 08:30:00,HKEX:9868,92.8,94.0,90.3,91.5,24087375.0
2025-08-26 08:30:00,HKEX:9868,90.8,94.8,88.95,94.15,23578893.0
2025-08-27 08:30:00,HKEX:9868,95.05,96.3,91.75,92.5,20845113.0
2025-08-28 08:30:00,HKEX:9868,87.95,88.35,84.05,84.9,35570000.0
2025-08-29 08:30:00,HKEX:9868,85.1,86.85,83.45,83.9,19848874.0
2025-09-01 08:30:00,HKEX:9868,82.7,84.0,81.35,83.1,18976775.0
2025-09-02 08:30:00,HKEX:9868,84.0,84.15,80.15,80.75,18900050.0
2025-09-03 08:30:00,HKEX:9868,81.75,81.9,78.35,78.95,16138423.0
2025-09-04 08:30:00,HKEX:9868,78.95,79.2,76.5,77.05,21673599.0
2025-09-05 08:30:00,HKEX:9868,77.2,78.05,76.6,77.9,23708573.0
2025-09-08 08:30:00,HKEX:9868,78.3,79.95,76.4,79.3,20061226.0
2025-09-09 08:30:00,HKEX:9868,80.3,81.7,79.6,80.85,18197417.0
2025-09-10 08:30:00,HKEX:9868,81.1,81.95,79.55,80.35,14886446.0
2025-09-11 08:30:00,HKEX:9868,78.35,79.3,77.65,78.85,14283702.0
2025-09-12 08:30:00,HKEX:9868,80.05,82.45,80.05,81.4,16429916.0
2025-09-15 08:30:00,HKEX:9868,81.1,84.2,80.8,82.7,13881016.0
2025-09-16 08:30:00,HKEX:9868,83.5,83.75,81.35,83.3,12109316.0
2025-09-17 08:30:00,HKEX:9868,83.05,85.25,81.9,84.9,20974023.0
2025-09-18 08:30:00,HKEX:9868,83.95,85.75,80.3,81.35,29332325.0
2025-09-19 08:30:00,HKEX:9868,83.0,85.45,81.85,84.15,20168333.0
2025-09-22 08:30:00,HKEX:9868,84.2,84.75,82.5,83.25,8054703.0
2025-09-23 08:30:00,HKEX:9868,83.7,84.6,81.3,83.9,12102578.0
2025-09-24 08:30:00,HKEX:9868,83.2,83.7,82.05,83.3,9807848.0
2025-09-25 08:30:00,HKEX:9868,83.2,87.95,82.4,86.45,24490566.0
2025-09-26 08:30:00,HKEX:9868,88.8,93.45,86.9,90.8,44489389.0
2025-09-29 08:30:00,HKEX:9868,90.55,90.7,88.75,89.9,15378799.0
2025-09-30 08:30:00,HKEX:9868,90.1,93.5,89.0,93.15,17774045.0
2025-10-02 08:30:00,HKEX:9868,92.45,95.75,91.15,95.05,10862000.0
2025-10-03 08:30:00,HKEX:9868,92.8,93.75,90.05,92.35,6545286.0
2025-10-06 08:30:00,HKEX:9868,88.6,91.3,88.6,90.65,4658144.0
2025-10-08 08:30:00,HKEX:9868,92.55,93.45,90.75,92.15,4080661.0
2025-10-09 08:30:00,HKEX:9868,93.95,94.5,90.2,90.85,13938415.0
2025-10-10 08:30:00,HKEX:9868,88.85,88.85,86.35,87.05,16580547.0
2025-10-13 08:30:00,HKEX:9868,84.2,84.95,81.1,84.15,24911444.0
2025-10-14 08:30:00,HKEX:9868,85.55,88.25,81.9,82.5,22956921.0
2025-10-15 08:30:00,HKEX:9868,83.8,86.5,83.15,85.8,14631444.0
2025-10-16 08:30:00,HKEX:9868,84.6,85.6,81.55,82.8,17412271.0
2025-10-17 08:30:00,HKEX:9868,83.25,83.65,78.6,79.2,18811572.0
2025-10-20 08:30:00,HKEX:9868,81.8,82.45,80.85,81.35,10241554.0
2025-10-21 08:30:00,HKEX:9868,83.3,85.65,83.05,84.4,16773961.0
2025-10-22 08:30:00,HKEX:9868,83.6,84.25,82.25,82.85,7733948.0
2025-10-23 08:30:00,HKEX:9868,82.25,83.55,80.9,82.15,8329832.0
2025-10-24 08:30:00,HKEX:9868,83.0,84.3,81.7,83.15,12044781.0
2025-10-27 08:30:00,HKEX:9868,85.3,86.8,82.8,84.7,14931251.0
2025-10-28 08:30:00,HKEX:9868,88.6,89.2,86.25,86.95,16993093.0
2025-10-30 08:30:00,HKEX:9868,89.8,90.85,87.2,88.4,22463636.0
2025-10-31 08:30:00,HKEX:9868,88.4,88.5,86.65,87.2,8934060.0
2025-11-03 08:30:00,HKEX:9868,90.05,91.75,89.05,91.2,17887371.0
2025-11-04 08:30:00,HKEX:9868,90.45,92.0,87.7,88.9,16102213.0
2025-11-05 08:30:00,HKEX:9868,86.8,88.0,83.7,87.7,18462370.0
2025-11-06 08:30:00,HKEX:9868,86.0,92.8,83.05,89.4,47206608.0
2025-11-07 08:30:00,HKEX:9868,93.7,94.45,90.3,90.9,39113059.0
2025-11-10 08:30:00,HKEX:9868,89.15,92.4,87.1,92.0,25270490.0
2025-11-11 08:30:00,HKEX:9868,100.8,109.0,99.7,108.5,85840900.0
2025-11-12 08:30:00,HKEX:9868,110.8,110.8,102.1,105.2,43924623.0
2025-11-13 08:30:00,HKEX:9868,105.7,106.5,103.0,105.9,20388568.0
2025-11-14 08:30:00,HKEX:9868,102.9,103.5,97.8,98.7,32066987.0
2025-11-17 08:30:00,HKEX:9868,97.9,99.15,95.35,96.0,22019889.0
2025-11-18 08:30:00,HKEX:9868,89.0,89.5,85.35,85.95,51362729.0
2025-11-19 08:30:00,HKEX:9868,87.5,88.0,85.3,85.7,26145114.0
2025-11-20 08:30:00,HKEX:9868,84.1,84.45,80.4,81.85,35830837.0
2025-11-21 08:30:00,HKEX:9868,78.85,80.0,78.05,78.5,29458265.0
2025-11-24 08:30:00,HKEX:9868,79.85,81.7,79.45,81.35,26445761.0
2025-11-25 08:30:00,HKEX:9868,82.2,82.65,80.9,81.6,19713854.0
2025-11-26 08:30:00,HKEX:9868,83.45,83.5,82.0,82.1,13236671.0
2025-11-27 08:30:00,HKEX:9868,82.5,84.35,82.0,82.85,18374958.0
2025-11-28 08:30:00,HKEX:9868,82.85,84.35,81.85,83.9,8999914.0
2025-12-01 08:30:00,HKEX:9868,84.5,84.5,82.65,83.35,12388739.0
2025-12-02 08:30:00,HKEX:9868,82.0,82.2,78.2,78.75,29777894.0
2025-12-03 08:30:00,HKEX:9868,76.7,76.95,75.15,75.4,20233612.0
2025-12-04 08:30:00,HKEX:9868,74.1,76.65,73.0,76.2,23315066.0
2025-12-05 08:30:00,HKEX:9868,76.55,78.3,75.7,77.95,17165632.0
2025-12-08 08:30:00,HKEX:9868,78.65,78.95,77.7,78.0,10282095.0
2025-12-09 08:30:00,HKEX:9868,79.05,79.65,76.95,77.4,9489567.0
2025-12-10 08:30:00,HKEX:9868,77.4,77.4,74.85,76.2,12402157.0
2025-12-11 08:30:00,HKEX:9868,76.35,76.7,74.5,74.65,8971708.0
2025-12-12 08:30:00,HKEX:9868,75.0,75.95,74.1,75.45,10246210.0
2025-12-15 08:30:00,HKEX:9868,74.05,75.3,73.65,73.75,10240571.0
2025-12-16 08:30:00,HKEX:9868,72.5,73.3,70.05,72.4,31697148.0
2025-12-17 08:30:00,HKEX:9868,71.8,72.7,70.5,72.3,15176953.0
2025-12-18 08:30:00,HKEX:9868,70.6,71.35,70.1,71.2,9944374.0
2025-12-19 08:30:00,HKEX:9868,73.0,77.25,72.35,76.65,32730378.0
2025-12-22 08:30:00,HKEX:9868,77.7,78.5,76.3,77.15,11406726.0
2025-12-23 08:30:00,HKEX:9868,77.5,77.55,75.9,76.45,6425692.0
2025-12-24 08:30:00,HKEX:9868,76.45,76.5,75.5,76.1,4417193.0
2025-12-29 08:30:00,HKEX:9868,80.0,81.6,78.9,79.05,22897657.0
2025-12-30 08:30:00,HKEX:9868,79.0,80.85,78.1,80.1,10683318.0
2025-12-31 08:30:00,HKEX:9868,81.85,82.65,78.5,79.35,13912585.0
2026-01-02 08:30:00,HKEX:9868,78.8,81.1,77.2,80.35,6474438.0
2026-01-05 08:30:00,HKEX:9868,79.3,79.3,75.8,76.65,24461186.0
2026-01-06 08:30:00,HKEX:9868,77.6,80.2,77.6,79.8,16896838.0
2026-01-07 08:30:00,HKEX:9868,78.7,79.0,76.65,78.05,17090091.0
2026-01-08 08:30:00,HKEX:9868,77.7,79.55,76.5,79.0,10492011.0
2026-01-09 08:30:00,HKEX:9868,79.8,80.4,77.95,78.55,12422950.0
2026-01-12 08:30:00,HKEX:9868,78.05,80.35,76.6,80.35,19842203.0
2026-01-13 08:30:00,HKEX:9868,83.95,84.6,81.75,82.1,25290088.0
2026-01-14 08:30:00,HKEX:9868,82.0,83.95,80.5,82.2,15811384.0
2026-01-15 08:30:00,HKEX:9868,80.5,82.7,80.1,80.95,10197263.0
2026-01-16 08:30:00,HKEX:9868,81.6,82.65,80.15,80.45,9470714.0
2026-01-19 08:30:00,HKEX:9868,78.85,80.65,78.8,80.1,6939910.0
2026-01-20 08:30:00,HKEX:9868,80.55,81.0,78.7,79.5,7575843.0
2026-01-21 08:30:00,HKEX:9868,78.15,79.65,77.65,79.3,13292351.0
2026-01-22 08:30:00,HKEX:9868,79.55,79.9,76.25,76.95,16761817.0
2026-01-23 08:30:00,HKEX:9868,77.7,77.7,75.6,76.8,11960713.0
2026-01-26 08:30:00,HKEX:9868,75.4,75.4,73.05,73.6,18442417.0
2026-01-27 08:30:00,HKEX:9868,73.45,73.8,72.5,72.65,11345328.0
2026-01-28 08:30:00,HKEX:9868,72.85,75.2,71.65,74.8,18398424.0
2026-01-29 08:30:00,HKEX:9868,73.5,73.8,72.45,72.9,14459423.0
2026-01-30 08:30:00,HKEX:9868,72.3,72.8,71.15,71.65,11667972.0
2026-02-02 08:30:00,HKEX:9868,68.0,68.0,64.6,66.8,43125004.0
2026-02-03 08:30:00,HKEX:9868,65.4,67.05,64.6,66.7,19143498.0
2026-02-04 08:30:00,HKEX:9868,66.95,68.2,66.1,66.55,16171536.0
2026-02-05 08:30:00,HKEX:9868,65.5,67.6,64.8,67.3,14343219.0
2026-02-06 08:30:00,HKEX:9868,65.35,68.4,65.35,67.05,14096238.0
2026-02-09 08:30:00,HKEX:9868,69.35,69.8,68.1,69.0,12311974.0
2026-02-10 08:30:00,HKEX:9868,68.95,69.85,68.4,69.05,10112966.0
2026-02-11 08:30:00,HKEX:9868,69.05,71.55,69.05,70.35,12218582.0
2026-02-12 08:30:00,HKEX:9868,70.4,70.75,69.8,70.05,6645296.0
2026-02-13 08:30:00,HKEX:9868,69.0,69.8,68.5,69.35,11198890.0
2026-02-16 08:30:00,HKEX:9868,69.45,69.65,67.85,69.65,2569510.0
2026-02-20 08:30:00,HKEX:9868,69.5,69.85,67.3,68.45,834638.0
