Market,Symbol,Bucket,Trades,WinRate,AvgReturn
CHINA,HKEX,Low Vol,1130,49.29203539823009,-0.019386473440574706
CHINA,HKEX,Normal,1050,49.61904761904762,0.26771942082268435
CHINA,HKEX,High Vol,805,49.440993788819874,0.17362689729010694
CHINA,HKEX,Spike,302,50.993377483443716,0.45254566204943913
CHINA,HKEX,Low Vol,376,49.46808510638298,0.10073977648576134
CHINA,HKEX,Normal,464,50.0,0.31471175100056614
CHINA,HKEX,High Vol,305,45.90163934426229,-0.10158261200633513
CHINA,HKEX,Spike,93,49.46236559139785,0.2927865431343656
CHINA,HKEX,Low Vol,279,44.44444444444444,-0.3252010139193029
CHINA,HKEX,Normal,301,40.53156146179402,-0.25548187276625967
CHINA,HKEX,High Vol,195,47.179487179487175,0.03195980315076409
CHINA,HKEX,Spike,59,54.23728813559322,1.2136374781260675
CHINA,HKEX,Low Vol,411,46.47201946472019,-0.053393638518149406
CHINA,HKEX,Normal,471,48.61995753715499,-0.03575306563248254
CHINA,HKEX,High Vol,317,52.05047318611987,0.6615722569879169
CHINA,HKEX,Spike,88,55.68181818181818,0.4940342479324944
CHINA,HKEX,Low Vol,808,49.62871287128713,0.16543624003115157
CHINA,HKEX,Normal,1124,50.80071174377224,0.1585186628472078
CHINA,HKEX,High Vol,822,51.21654501216545,0.09985872939318052
CHINA,HKEX,Spike,182,56.043956043956044,0.7792585762683076
CHINA,HKEX,Low Vol,315,44.761904761904766,-0.004577330068288899
CHINA,HKEX,Normal,342,45.32163742690059,-0.17533713364856096
CHINA,HKEX,High Vol,233,44.63519313304721,-0.024430623158318072
CHINA,HKEX,Spike,65,53.84615384615385,1.4871859518694164
CHINA,HKEX,Low Vol,248,43.145161290322584,-0.5287102492668534
CHINA,HKEX,Normal,242,44.62809917355372,-0.2772336123704441
CHINA,HKEX,High Vol,212,46.69811320754717,0.15341332778170658
CHINA,HKEX,Spike,63,49.2063492063492,0.6526654161895238
CHINA,HKEX,Low Vol,293,44.027303754266214,-0.07378886797269314
CHINA,HKEX,Normal,317,42.586750788643535,-0.18205601452610434
CHINA,HKEX,High Vol,235,48.93617021276596,0.11878033832852382
CHINA,HKEX,Spike,57,56.14035087719298,1.0612468591131288
CHINA,HKEX,Low Vol,282,42.5531914893617,-0.2906386915033004
CHINA,HKEX,Normal,283,49.82332155477032,0.12301431405264977
CHINA,HKEX,High Vol,201,48.258706467661696,0.04117643619556426
CHINA,HKEX,Spike,65,53.84615384615385,0.5602321328927692
CHINA,HKEX,Low Vol,325,44.30769230769231,-0.0985691080065821
CHINA,HKEX,Normal,390,47.69230769230769,0.13817113678552717
CHINA,HKEX,High Vol,271,50.184501845018445,0.03518614777718327
CHINA,HKEX,Spike,62,51.61290322580645,0.8493785498426161
THAI,SET,Low Vol,596,45.97315436241611,0.018526939557473705
THAI,SET,Normal,706,43.05949008498583,0.030203741154257148
THAI,SET,High Vol,657,47.336377473363775,0.10264267042445525
THAI,SET,Spike,227,47.57709251101321,0.21333938043981027
THAI,SET,Low Vol,1048,39.79007633587786,-0.06147986788411332
THAI,SET,Normal,733,42.701227830832195,-0.03315264892175872
THAI,SET,High Vol,693,46.60894660894661,0.24479250719148168
THAI,SET,Spike,378,44.44444444444444,0.2511590359197262
THAI,SET,Low Vol,770,41.81818181818181,0.007057999354655938
THAI,SET,Normal,658,45.2887537993921,0.09191666004795636
THAI,SET,High Vol,613,48.12398042414356,0.2830613411035065
THAI,SET,Spike,304,42.10526315789473,0.04129434985399701
THAI,SET,Low Vol,950,40.526315789473685,-0.04152830870072371
THAI,SET,Normal,683,40.849194729136165,0.04107520411902593
THAI,SET,High Vol,680,42.94117647058823,0.07189207392329967
THAI,SET,Spike,334,43.11377245508982,-0.07341797523232217
THAI,SET,Low Vol,251,38.645418326693225,-0.07221209092973395
THAI,SET,Normal,236,39.83050847457627,-0.14786876437731408
THAI,SET,High Vol,238,42.016806722689076,0.16351258587469672
THAI,SET,Spike,80,30.0,-0.4383034334335695
THAI,SET,Low Vol,265,37.35849056603773,-0.07162316226507646
THAI,SET,Normal,247,42.51012145748988,-0.055968937214164606
THAI,SET,High Vol,193,44.04145077720207,-0.10474428767269868
THAI,SET,Spike,91,29.67032967032967,0.03573327390116006
THAI,SET,Low Vol,832,42.90865384615385,0.008683706972873757
THAI,SET,Normal,737,41.11261872455903,0.014283109363555608
THAI,SET,High Vol,718,43.5933147632312,0.0886257623571042
THAI,SET,Spike,316,40.822784810126585,-0.09718397648916831
THAI,SET,Low Vol,588,46.93877551020408,0.09554132137831343
THAI,SET,Normal,646,42.414860681114554,-0.016726986482925085
THAI,SET,High Vol,584,45.54794520547945,0.08569211047180457
THAI,SET,Spike,230,46.08695652173913,0.03390336901766344
THAI,SET,Low Vol,750,40.400000000000006,0.07089442001962086
THAI,SET,Normal,525,40.76190476190476,-0.029844097663013408
THAI,SET,High Vol,529,42.53308128544423,0.02342031308181708
THAI,SET,Spike,352,38.92045454545455,0.06426125736871885
THAI,SET,Low Vol,846,38.061465721040186,-0.052311530634289324
THAI,SET,Normal,607,42.174629324546956,0.11012996342454066
THAI,SET,High Vol,565,40.884955752212385,0.026511951253807748
THAI,SET,Spike,317,42.90220820189275,0.23147233516103424
THAI,SET,Low Vol,436,39.44954128440367,0.024292101584094863
THAI,SET,Normal,286,39.51048951048951,-0.0073565073374400065
THAI,SET,High Vol,285,34.73684210526316,-0.2997719431274255
THAI,SET,Spike,143,41.95804195804196,0.4086384798052194
THAI,SET,Low Vol,617,41.16693679092383,0.05447216870539011
THAI,SET,Normal,514,40.66147859922179,0.030707708421510937
THAI,SET,High Vol,538,43.12267657992565,0.07186791926674166
THAI,SET,Spike,267,41.947565543071164,0.07967787566602631
THAI,SET,Low Vol,304,42.10526315789473,0.16387591673981558
THAI,SET,Normal,297,40.4040404040404,0.004392169232585222
THAI,SET,High Vol,259,40.15444015444015,-0.11387671342101736
THAI,SET,Spike,131,38.16793893129771,0.006315762249406506
THAI,SET,Low Vol,318,46.22641509433962,0.07547433343204532
THAI,SET,Normal,342,38.30409356725146,-0.09747445355488855
THAI,SET,High Vol,318,46.540880503144656,0.2767815707849504
THAI,SET,Spike,109,43.11926605504588,0.0012550315629514797
THAI,SET,Low Vol,814,46.06879606879607,0.1315879490797733
THAI,SET,Normal,599,40.73455759599332,-0.05711335737073548
THAI,SET,High Vol,620,43.38709677419355,0.033239914553625884
THAI,SET,Spike,325,47.38461538461539,0.24040829730538532
THAI,SET,Low Vol,953,41.028331584470095,0.05130824566637548
THAI,SET,Normal,548,41.24087591240876,0.07656753564678459
THAI,SET,High Vol,576,43.57638888888889,0.09670597276429821
THAI,SET,Spike,340,46.1764705882353,0.35922729921334867
THAI,SET,Low Vol,355,38.87323943661972,-0.10102676815197448
THAI,SET,Normal,230,37.391304347826086,-0.1914196092972622
THAI,SET,High Vol,227,37.88546255506608,-0.009754590763921515
THAI,SET,Spike,123,36.58536585365854,-0.027483253445549354
THAI,SET,Low Vol,953,32.948583420776494,-0.24541896681570932
THAI,SET,Normal,586,36.689419795221845,-0.06093558410588275
THAI,SET,High Vol,574,38.32752613240418,0.17991784031432606
THAI,SET,Spike,360,36.388888888888886,-0.03871025062068343
THAI,SET,Low Vol,1645,34.52887537993921,-0.0008181499253158742
THAI,SET,Normal,445,35.95505617977528,-0.14595191675380384
THAI,SET,High Vol,448,39.50892857142857,0.4559222662298724
THAI,SET,Spike,539,42.30055658627087,0.6769392443891769
THAI,SET,Low Vol,535,41.6822429906542,-0.041987801795804094
THAI,SET,Normal,434,45.622119815668206,0.17518224312118585
THAI,SET,High Vol,381,45.14435695538058,-0.07015488595431832
THAI,SET,Spike,189,44.97354497354497,-0.07244098415053123
THAI,SET,Low Vol,972,41.8724279835391,0.0881035387511561
THAI,SET,Normal,632,43.5126582278481,0.06320714270123619
THAI,SET,High Vol,657,39.5738203957382,-0.028934515178308265
THAI,SET,Spike,313,44.72843450479233,0.2692793932773301
THAI,SET,Low Vol,563,41.740674955595026,0.07432262808097913
THAI,SET,Normal,379,41.952506596306065,0.2023642364639397
THAI,SET,High Vol,357,40.61624649859944,-0.10408058521327453
THAI,SET,Spike,237,37.552742616033754,-0.1231523654227514
THAI,SET,Low Vol,938,41.25799573560768,-0.020966257744207746
THAI,SET,Normal,611,39.93453355155483,-0.02480750537170326
THAI,SET,High Vol,624,44.71153846153847,0.0703768017477771
THAI,SET,Spike,369,46.34146341463415,0.5112618349596243
THAI,SET,Low Vol,592,42.060810810810814,0.12052587006899187
THAI,SET,Normal,373,41.28686327077748,0.06743590450906867
THAI,SET,High Vol,345,34.492753623188406,-0.019676877660279986
THAI,SET,Spike,244,41.80327868852459,0.00647292823389732
THAI,SET,Low Vol,489,42.535787321063395,0.05174717629560814
THAI,SET,Normal,429,43.12354312354312,0.1937120514594446
THAI,SET,High Vol,367,46.321525885558586,0.1941511452170376
THAI,SET,Spike,172,47.674418604651166,0.4318579969034761
THAI,SET,Low Vol,648,40.123456790123456,-0.007221397041470679
THAI,SET,Normal,688,43.75,0.13517488464579872
THAI,SET,High Vol,616,44.8051948051948,0.10057659403484402
THAI,SET,Spike,248,46.37096774193548,0.31520754994246103
THAI,SET,Low Vol,603,38.14262023217247,-0.0576761048449562
THAI,SET,Normal,610,41.80327868852459,0.06653510061599698
THAI,SET,High Vol,613,42.25122349102774,0.12386426557584872
THAI,SET,Spike,265,48.301886792452834,0.6320883730189536
THAI,SET,Low Vol,880,42.84090909090909,0.002430535993695307
THAI,SET,Normal,832,43.87019230769231,0.06996810198217376
THAI,SET,High Vol,696,46.98275862068966,0.20816948176682712
THAI,SET,Spike,268,48.134328358208954,0.3148222886941178
THAI,SET,Low Vol,224,37.5,-0.15768977145849675
THAI,SET,Normal,251,45.81673306772908,0.13931082196955713
THAI,SET,High Vol,192,39.0625,-0.06460695279129348
THAI,SET,Spike,75,40.0,0.15850653439441423
THAI,SET,Low Vol,1081,47.36355226641999,0.24671778933606922
THAI,SET,Normal,704,46.30681818181818,0.16830651846462588
THAI,SET,High Vol,701,47.07560627674751,0.13579428732923166
THAI,SET,Spike,316,47.151898734177216,0.31459355026449715
THAI,SET,Low Vol,338,42.89940828402367,0.23089823184497324
THAI,SET,Normal,245,43.673469387755105,0.3090939408018543
THAI,SET,High Vol,234,40.17094017094017,-0.07275104816633686
THAI,SET,Spike,110,32.72727272727273,-0.4260625816560472
THAI,SET,Low Vol,700,42.0,-0.025251617258776195
THAI,SET,Normal,435,42.758620689655174,-0.0876253687695381
THAI,SET,High Vol,384,45.05208333333333,-0.13826415927764027
THAI,SET,Spike,277,46.57039711191336,0.26779982509397304
THAI,SET,Low Vol,490,42.244897959183675,0.01776953282183372
THAI,SET,Normal,478,44.35146443514644,0.056826913762128374
THAI,SET,High Vol,511,42.66144814090019,-0.02155595155252938
THAI,SET,Spike,185,41.62162162162162,-0.11193602314151249
THAI,SET,Low Vol,609,39.40886699507389,-0.0352817306499448
THAI,SET,Normal,390,38.71794871794872,-0.10612960690006698
THAI,SET,High Vol,345,44.927536231884055,0.22194414220988906
THAI,SET,Spike,225,42.66666666666667,-0.030803977558110342
THAI,SET,Low Vol,969,39.93808049535604,0.06608187948100303
THAI,SET,Normal,512,40.625,0.004784850454610676
THAI,SET,High Vol,506,41.30434782608695,0.08430830049674763
THAI,SET,Spike,359,39.83286908077994,-0.21170761056272672
THAI,SET,Low Vol,922,39.91323210412148,0.09353121611395915
THAI,SET,Normal,396,35.60606060606061,-0.1330617034118246
THAI,SET,High Vol,323,40.55727554179567,0.31578401439530085
THAI,SET,Spike,377,40.05305039787798,0.2865521717262976
THAI,SET,Low Vol,1054,39.84819734345351,0.033861613172988705
THAI,SET,Normal,508,42.51968503937008,0.21174458151540282
THAI,SET,High Vol,503,41.35188866799205,0.11342431364312004
THAI,SET,Spike,424,43.63207547169811,0.2217323523745661
THAI,SET,Low Vol,798,42.35588972431078,0.10696449728591492
THAI,SET,Normal,566,39.92932862190813,-0.05132477561535815
THAI,SET,High Vol,540,40.0,0.11482007753206629
THAI,SET,Spike,281,41.281138790035584,0.27607002744528386
THAI,SET,Low Vol,398,41.959798994974875,-0.0007326969392261723
THAI,SET,Normal,409,36.43031784841076,0.008154313279480472
THAI,SET,High Vol,373,41.55495978552279,-0.00545622559034668
THAI,SET,Spike,155,44.516129032258064,0.3101050074461326
THAI,SET,Low Vol,308,45.12987012987013,0.06313437278954047
THAI,SET,Normal,319,46.08150470219436,0.2780752218532622
THAI,SET,High Vol,253,42.29249011857708,-0.015352932600482915
THAI,SET,Spike,119,47.89915966386555,0.2935575754924905
THAI,SET,Low Vol,792,41.035353535353536,-0.02475731656293789
THAI,SET,Normal,458,41.92139737991266,0.009347787443526297
THAI,SET,High Vol,448,41.964285714285715,0.14637852534455814
THAI,SET,Spike,309,40.77669902912621,0.12726179962985912
THAI,SET,Low Vol,1027,44.595910418695226,0.11160908932435058
THAI,SET,Normal,685,45.839416058394164,0.1963574405004834
THAI,SET,High Vol,713,39.130434782608695,-0.18863936673528547
THAI,SET,Spike,332,36.144578313253014,-0.14879518087797525
THAI,SET,Low Vol,785,40.76433121019109,0.03244940436461729
THAI,SET,Normal,691,38.49493487698987,0.05133677619611841
THAI,SET,High Vol,609,44.66338259441708,0.1599392936946617
THAI,SET,Spike,274,44.16058394160584,0.27482906727192447
THAI,SET,Low Vol,579,38.860103626943,0.050769332396958536
THAI,SET,Normal,380,40.526315789473685,0.029595103491330075
THAI,SET,High Vol,347,41.4985590778098,0.1785650584165804
THAI,SET,Spike,213,38.967136150234744,-0.0724562341105317
THAI,SET,Low Vol,733,42.155525238744886,0.09061888559292981
THAI,SET,Normal,691,44.862518089725036,0.13609525962483907
THAI,SET,High Vol,628,42.51592356687898,0.11582568087921741
THAI,SET,Spike,225,44.0,0.1397345119487199
THAI,SET,Low Vol,996,40.36144578313253,-0.07218210078188793
THAI,SET,Normal,593,45.699831365935914,0.07688816599331903
THAI,SET,High Vol,477,43.81551362683438,0.2376032986281311
THAI,SET,Spike,362,47.23756906077348,0.44741891436854647
THAI,SET,Low Vol,774,41.343669250645995,0.0033510622175881417
THAI,SET,Normal,482,44.398340248962654,0.007871700731738693
THAI,SET,High Vol,412,48.786407766990294,0.4646195871635428
THAI,SET,Spike,261,42.1455938697318,0.12761903762944807
THAI,SET,Low Vol,1475,41.08474576271187,0.06504082972559189
THAI,SET,Normal,430,36.74418604651163,0.2933166899613634
THAI,SET,High Vol,383,46.21409921671018,0.4279209847777019
THAI,SET,Spike,506,37.94466403162055,0.3206160659974789
THAI,SET,Low Vol,705,46.666666666666664,0.10224894417638213
THAI,SET,Normal,806,46.898263027295286,0.027627461846775066
THAI,SET,High Vol,699,45.779685264663804,0.061095673939314844
THAI,SET,Spike,240,48.333333333333336,0.23206004165934496
THAI,SET,Low Vol,1137,44.50307827616535,0.23444429535433453
THAI,SET,Normal,715,44.05594405594406,0.04938184986220393
THAI,SET,High Vol,664,43.52409638554217,0.09546247733039812
THAI,SET,Spike,416,37.5,-0.16278489401154767
THAI,SET,Low Vol,728,44.78021978021978,0.10369745930600957
THAI,SET,Normal,548,45.62043795620438,0.18721554377330707
THAI,SET,High Vol,515,41.55339805825243,-0.0014331389637249324
THAI,SET,Spike,313,43.45047923322684,0.04593778067406623
THAI,SET,Low Vol,741,38.46153846153847,-0.0997133013556707
THAI,SET,Normal,666,43.093093093093096,0.07835423748681536
THAI,SET,High Vol,631,43.10618066561015,0.06966740692260356
THAI,SET,Spike,296,45.27027027027027,0.3300890196730963
THAI,SET,Low Vol,1045,42.77511961722488,-0.06719315647248349
THAI,SET,Normal,598,46.32107023411371,0.1482316486341161
THAI,SET,High Vol,585,44.1025641025641,0.20224630327312604
THAI,SET,Spike,384,40.625,0.31040196802146386
THAI,SET,Low Vol,952,40.96638655462185,0.03143087298597984
THAI,SET,Normal,375,38.4,-0.053843416059808503
THAI,SET,High Vol,370,45.40540540540541,0.5000125669814076
THAI,SET,Spike,435,35.63218390804598,0.004601504105121622
THAI,SET,Low Vol,845,44.142011834319526,0.08782376238455616
THAI,SET,Normal,733,39.972714870395635,-0.028785171382172615
THAI,SET,High Vol,697,37.73314203730273,-0.14301350741627236
THAI,SET,Spike,256,47.265625,0.15918434214533383
THAI,SET,Low Vol,924,40.8008658008658,-0.05771690878203794
THAI,SET,Normal,630,38.730158730158735,-0.018941162966045706
THAI,SET,High Vol,590,39.32203389830509,-0.037398541910938325
THAI,SET,Spike,353,43.05949008498583,0.19371755643546557
THAI,SET,Low Vol,616,42.2077922077922,0.13554112419367043
THAI,SET,Normal,391,37.084398976982094,-0.12290122174695627
THAI,SET,High Vol,363,40.77134986225895,0.020580830695385976
THAI,SET,Spike,211,45.497630331753555,0.17534217410814518
THAI,SET,Low Vol,830,41.445783132530124,0.03530805790779158
THAI,SET,Normal,749,40.85447263017357,0.04442534338527604
THAI,SET,High Vol,695,42.014388489208635,0.13973950779247182
THAI,SET,Spike,297,41.41414141414141,0.13254583879355641
THAI,SET,Low Vol,503,42.54473161033797,0.07091286875058199
THAI,SET,Normal,417,45.80335731414868,0.20734476614844377
THAI,SET,High Vol,412,40.53398058252427,-0.08782878692929819
THAI,SET,Spike,172,43.02325581395349,0.15910659974755212
THAI,SET,Low Vol,1216,39.555921052631575,-0.0824225973226212
THAI,SET,Normal,414,36.473429951690825,0.10535877614604895
THAI,SET,High Vol,365,45.20547945205479,0.5737220251944936
THAI,SET,Spike,446,42.600896860986545,0.045310869557132205
THAI,SET,Low Vol,264,39.77272727272727,0.013763135359837409
THAI,SET,Normal,123,40.65040650406504,-0.07541753268360296
THAI,SET,High Vol,111,38.73873873873874,-0.3221925000836801
THAI,SET,Spike,66,48.484848484848484,0.06336523511237878
THAI,SET,Low Vol,132,40.15151515151515,-0.06774033852943058
THAI,SET,Normal,149,40.939597315436245,0.1574254191481101
THAI,SET,High Vol,138,38.405797101449274,0.08396694870191304
THAI,SET,Spike,62,43.54838709677419,0.28246641883432266
THAI,SET,Low Vol,564,38.297872340425535,0.024017409055444236
THAI,SET,Normal,347,42.363112391930834,-0.020624019296150067
THAI,SET,High Vol,346,43.641618497109825,0.12316927799175913
THAI,SET,Spike,173,44.50867052023121,0.21477186927051173
THAI,SET,Low Vol,249,40.16064257028113,-0.08372057407937077
THAI,SET,Normal,239,41.84100418410041,0.0664145824255731
THAI,SET,High Vol,216,37.96296296296296,0.041315813864817724
THAI,SET,Spike,105,44.761904761904766,0.10005265048648392
THAI,SET,Low Vol,554,40.43321299638989,-0.056690062963605986
THAI,SET,Normal,386,40.932642487046635,0.007095893442617531
THAI,SET,High Vol,358,39.94413407821229,-0.08999564230148752
THAI,SET,Spike,192,42.1875,0.12923972182669388
THAI,SET,Low Vol,322,41.30434782608695,0.10416396153466959
THAI,SET,Normal,180,41.11111111111111,0.11740659545719605
THAI,SET,High Vol,196,42.857142857142854,0.16398766730706754
THAI,SET,Spike,139,37.410071942446045,-0.04854187116338228
THAI,SET,Low Vol,1265,41.027667984189726,-0.0930073493129754
THAI,SET,Normal,726,43.25068870523416,0.04585384918494833
THAI,SET,High Vol,640,42.5,-0.06767191348032833
THAI,SET,Spike,413,43.341404358353515,0.5696084022179877
THAI,SET,Low Vol,650,41.84615384615385,0.04899983571473212
THAI,SET,Normal,471,41.18895966029724,-0.043011391508202386
THAI,SET,High Vol,389,44.2159383033419,0.29303776108627005
THAI,SET,Spike,235,37.4468085106383,-0.11323461220620523
THAI,SET,Low Vol,592,43.58108108108108,0.04421686671072541
THAI,SET,Normal,757,46.23513870541612,0.057567896091392866
THAI,SET,High Vol,664,39.60843373493976,-0.13215238617948244
THAI,SET,Spike,203,51.231527093596064,0.2885914560989472
THAI,SET,Low Vol,720,44.861111111111114,-0.016417058532123826
THAI,SET,Normal,860,44.883720930232556,-0.02099159494009519
THAI,SET,High Vol,730,46.57534246575342,0.13274354273891995
THAI,SET,Spike,238,45.378151260504204,0.013242180345704575
THAI,SET,Low Vol,522,44.44444444444444,0.23131304988045395
THAI,SET,Normal,618,46.116504854368934,0.1203551651434073
THAI,SET,High Vol,544,42.095588235294116,-0.1094326554848044
THAI,SET,Spike,157,38.21656050955414,-0.2047527623075502
THAI,SET,Low Vol,764,41.2303664921466,-0.024345710105529574
THAI,SET,Normal,616,37.5,-0.04492250315026115
THAI,SET,High Vol,584,42.12328767123288,0.12208703092296838
THAI,SET,Spike,295,41.01694915254237,0.36582862949773093
THAI,SET,Low Vol,536,38.992537313432834,-0.06167602484558844
THAI,SET,Normal,449,41.42538975501114,0.06905835717943934
THAI,SET,High Vol,468,39.1025641025641,0.1392413833724654
THAI,SET,Spike,224,39.285714285714285,-0.07002626190500423
THAI,SET,Low Vol,1119,39.05272564789991,0.07266168969263563
THAI,SET,Normal,526,34.79087452471482,-0.1512736818799256
THAI,SET,High Vol,539,39.332096474953616,-0.06594808731615902
THAI,SET,Spike,425,34.11764705882353,-0.36512253515120646
THAI,SET,Low Vol,407,33.415233415233416,-0.11066444626720394
THAI,SET,Normal,169,44.37869822485207,0.4889454745404539
THAI,SET,High Vol,161,37.267080745341616,-0.009134135467595198
THAI,SET,Spike,106,35.84905660377358,-1.0849714448836627
THAI,SET,Low Vol,599,43.572621035058425,0.10944753537377465
THAI,SET,Normal,525,46.476190476190474,0.004332282883813675
THAI,SET,High Vol,442,43.21266968325792,0.2136093253353441
THAI,SET,Spike,179,39.10614525139665,-0.3160304665031792
THAI,SET,Low Vol,683,45.827232796486086,0.12098621192826717
THAI,SET,Normal,724,43.784530386740336,0.033289684256670095
THAI,SET,High Vol,620,42.74193548387097,0.08815246781667088
THAI,SET,Spike,246,43.49593495934959,0.2696829054725783
THAI,SET,Low Vol,516,43.02325581395349,-0.02594336843681866
THAI,SET,Normal,615,41.46341463414634,-0.0036424705926130807
THAI,SET,High Vol,599,41.736227045075125,-0.03935876424293497
THAI,SET,Spike,240,47.91666666666667,0.3364491580702439
THAI,SET,Low Vol,196,34.69387755102041,-0.2872834792562217
THAI,SET,Normal,162,41.358024691358025,-0.022907304838650864
THAI,SET,High Vol,193,41.968911917098445,0.09670002970278864
THAI,SET,Spike,80,41.25,0.03418475214590311
THAI,SET,Low Vol,1333,38.63465866466617,-0.04621172262283436
THAI,SET,Normal,517,38.684719535783366,-0.11674238789634075
THAI,SET,High Vol,497,44.26559356136821,0.34270412492511154
THAI,SET,Spike,481,42.61954261954262,0.2702129506946445
THAI,SET,Low Vol,1014,40.23668639053255,0.012120593374071597
THAI,SET,Normal,600,40.0,0.034209591406619284
THAI,SET,High Vol,578,42.04152249134948,0.11975469995994378
THAI,SET,Spike,403,41.43920595533499,0.1844308096484235
THAI,SET,Low Vol,433,33.71824480369515,-0.2006566442323758
THAI,SET,Normal,223,42.152466367713004,0.011527534495074246
THAI,SET,High Vol,198,48.484848484848484,0.10588898019574627
THAI,SET,Spike,136,50.73529411764706,0.5558469060469688
THAI,SET,Low Vol,646,38.69969040247678,-0.009198931537838186
THAI,SET,Normal,348,41.09195402298851,0.11486586765259311
THAI,SET,High Vol,363,37.46556473829201,-0.08698371551118847
THAI,SET,Spike,232,43.103448275862064,0.023259958451832922
THAI,SET,Low Vol,252,42.46031746031746,0.06027599860343984
THAI,SET,Normal,139,43.884892086330936,0.043928468928990085
THAI,SET,High Vol,159,44.0251572327044,0.20780498191574934
THAI,SET,Spike,71,43.66197183098591,0.01643046354285379
THAI,SET,Low Vol,880,43.29545454545455,0.10403603767087756
THAI,SET,Normal,719,43.671766342141865,0.10752298853594879
THAI,SET,High Vol,669,42.89985052316891,0.05871713587153034
THAI,SET,Spike,289,42.56055363321799,0.16563841051168918
THAI,SET,Low Vol,458,41.26637554585153,0.03294830119607741
THAI,SET,Normal,393,40.458015267175576,0.031246389582006418
THAI,SET,High Vol,399,40.852130325814535,-0.040852004485694225
THAI,SET,Spike,139,41.726618705035975,-0.04800306006003254
THAI,SET,Low Vol,400,37.5,-0.055737614704560866
THAI,SET,Normal,172,37.2093023255814,0.28885981287306184
THAI,SET,High Vol,136,38.970588235294116,0.12341379909077554
THAI,SET,Spike,161,40.993788819875775,0.24509605810262003
THAI,SET,Low Vol,995,39.698492462311556,0.019588206358087615
THAI,SET,Normal,571,41.33099824868651,0.02356669730615376
THAI,SET,High Vol,549,40.619307832422585,-0.04357028535417439
THAI,SET,Spike,420,41.904761904761905,0.26295663740430064
THAI,SET,Low Vol,280,40.35714285714286,0.10021410823440549
THAI,SET,Normal,211,43.60189573459716,0.09690185621591454
THAI,SET,High Vol,179,36.87150837988827,-0.2766380282534188
THAI,SET,Spike,96,39.58333333333333,-0.1671205085983256
THAI,SET,Low Vol,1599,33.520950594121324,-0.03746100757290229
THAI,SET,Normal,496,34.67741935483871,0.1746317445435764
THAI,SET,High Vol,476,35.08403361344538,-0.004484789698924122
THAI,SET,Spike,514,32.490272373540854,0.0006583833232244745
THAI,SET,Low Vol,1068,40.355805243445694,0.009327154786912515
THAI,SET,Normal,545,43.30275229357798,-0.0005700416202525457
THAI,SET,High Vol,535,40.93457943925234,0.20840132044979182
THAI,SET,Spike,461,39.69631236442516,0.20813356317923454
THAI,SET,Low Vol,751,41.27829560585886,-0.01903225107471631
THAI,SET,Normal,585,43.24786324786325,0.011525871383321328
THAI,SET,High Vol,560,43.57142857142857,0.12440433029668065
THAI,SET,Spike,283,44.522968197879855,0.32563934702220093
THAI,SET,Low Vol,1241,37.792103142626914,0.07929260632731323
THAI,SET,Normal,487,36.55030800821355,-0.11873654864913114
THAI,SET,High Vol,442,43.89140271493213,0.11530359976434844
THAI,SET,Spike,462,36.79653679653679,-0.08069849064257494
THAI,SET,Low Vol,328,38.41463414634146,-0.042945333396516225
THAI,SET,Normal,162,46.913580246913575,-0.16602548391694133
THAI,SET,High Vol,198,42.42424242424242,-0.24086406742564806
THAI,SET,Spike,136,44.85294117647059,-0.12133171829664248
THAI,SET,Low Vol,225,39.111111111111114,-0.19327950092720894
THAI,SET,Normal,168,39.88095238095239,0.08228853500336636
THAI,SET,High Vol,173,36.99421965317919,0.08061442740899319
THAI,SET,Spike,66,42.42424242424242,0.24265963376756627
THAI,SET,Low Vol,651,36.55913978494624,-0.06294383028438168
THAI,SET,Normal,287,39.721254355400696,-0.02028942251749641
THAI,SET,High Vol,345,41.73913043478261,0.025828890099943633
THAI,SET,Spike,328,39.02439024390244,0.21385918768512144
THAI,SET,Low Vol,667,38.23088455772114,-0.11735514319868257
THAI,SET,Normal,541,43.622920517560075,0.15311498822426736
THAI,SET,High Vol,512,43.9453125,0.18036529760771747
THAI,SET,Spike,275,40.0,0.045416399079025574
THAI,SET,Low Vol,634,41.6403785488959,-0.0969582958881248
THAI,SET,Normal,319,39.49843260188088,-0.05173563908445297
THAI,SET,High Vol,310,39.67741935483871,0.0559905805163212
THAI,SET,Spike,201,40.79601990049751,0.1958964929926315
THAI,SET,Low Vol,1068,39.04494382022472,0.10882387620881075
THAI,SET,Normal,401,44.13965087281795,0.21241115827071183
THAI,SET,High Vol,420,39.285714285714285,0.04527024335243908
THAI,SET,Spike,429,36.13053613053613,-0.2886203143111355
THAI,SET,Low Vol,131,37.404580152671755,-0.1348516554480262
THAI,SET,Normal,116,41.37931034482759,0.2497603750944792
THAI,SET,High Vol,116,38.793103448275865,0.03218364477783359
THAI,SET,Spike,60,41.66666666666667,0.1881750340837699
THAI,SET,Low Vol,423,38.53427895981088,0.0456303030750914
THAI,SET,Normal,256,41.40625,0.041822464707698265
THAI,SET,High Vol,239,39.74895397489539,0.04692278325330551
THAI,SET,Spike,139,44.60431654676259,0.18255932230265962
THAI,SET,Low Vol,874,43.24942791762014,0.0375387005016555
THAI,SET,Normal,822,46.95863746958637,0.07907508560668809
THAI,SET,High Vol,771,43.320363164721144,-0.015354120138534327
THAI,SET,Spike,262,48.091603053435115,0.16313352711498658
THAI,SET,Low Vol,1011,38.57566765578635,-0.022825803272928772
THAI,SET,Normal,505,36.83168316831683,-0.0980543148543185
THAI,SET,High Vol,494,38.05668016194332,0.0036662041943299082
THAI,SET,Spike,444,41.21621621621622,0.07571952890990123
THAI,SET,Low Vol,184,34.78260869565217,-0.11862538345896775
THAI,SET,Normal,135,48.888888888888886,0.20485685687115232
THAI,SET,High Vol,152,38.81578947368421,-0.1702762760569735
THAI,SET,Spike,94,37.234042553191486,-0.4152219391187558
THAI,SET,Low Vol,398,42.96482412060301,0.09195238433446568
THAI,SET,Normal,212,40.09433962264151,-0.03184657650413173
THAI,SET,High Vol,214,46.728971962616825,0.11780703340128858
THAI,SET,Spike,139,39.568345323741006,-0.06333954902586238
THAI,SET,Low Vol,124,35.483870967741936,-0.1722043353342367
THAI,SET,Normal,90,45.55555555555556,0.32594746712841277
THAI,SET,High Vol,99,46.464646464646464,0.10759247309595726
THAI,SET,Spike,48,39.58333333333333,0.3048564017585552
THAI,SET,Low Vol,814,40.04914004914005,0.0769372329105744
THAI,SET,Normal,593,39.46037099494098,0.014642142790278211
THAI,SET,High Vol,608,38.32236842105263,0.07317707617678218
THAI,SET,Spike,364,40.10989010989011,-0.05929830984497394
THAI,SET,Low Vol,787,44.09148665819568,0.038463771884422036
THAI,SET,Normal,566,42.75618374558304,0.05276928938633848
THAI,SET,High Vol,596,43.12080536912752,0.055946489622182766
THAI,SET,Spike,300,37.666666666666664,-0.06932802640080385
THAI,SET,Low Vol,674,37.68545994065282,-0.052806141488627
THAI,SET,Normal,435,42.06896551724138,0.1246030666618329
THAI,SET,High Vol,380,36.578947368421055,-0.28808094865795847
THAI,SET,Spike,248,35.88709677419355,-0.07922577171324455
THAI,SET,Low Vol,619,42.972536348949916,0.0925623406446837
THAI,SET,Normal,408,40.19607843137255,0.04243941054579873
THAI,SET,High Vol,395,40.25316455696203,0.009148052969848915
THAI,SET,Spike,253,41.50197628458498,0.31047154377491853
THAI,SET,Low Vol,326,45.0920245398773,0.014884413178965553
THAI,SET,Normal,234,43.58974358974359,0.06581729847193515
THAI,SET,High Vol,226,40.707964601769916,-0.153017774052555
THAI,SET,Spike,137,40.87591240875913,0.2265857390910515
